prompt_index,image_path,hps_score
1,../HiDream-I1/output/full/image_1.png,0.2982368
1,../HiDream-I1/output/full/image_2.png,0.28391457
1,../HiDream-I1/output/full/image_3.png,0.28251797
1,../HiDream-I1/output/full/image_4.png,0.27884564
2,../HiDream-I1/output/full/image_5.png,0.3308113
2,../HiDream-I1/output/full/image_6.png,0.32106036
2,../HiDream-I1/output/full/image_7.png,0.3508326
2,../HiDream-I1/output/full/image_8.png,0.33962664
3,../HiDream-I1/output/full/image_9.png,0.28929114
3,../HiDream-I1/output/full/image_10.png,0.2892161
3,../HiDream-I1/output/full/image_11.png,0.29863968
3,../HiDream-I1/output/full/image_12.png,0.2852028
4,../HiDream-I1/output/full/image_13.png,0.25262776
4,../HiDream-I1/output/full/image_14.png,0.26377827
4,../HiDream-I1/output/full/image_15.png,0.24591096
4,../HiDream-I1/output/full/image_16.png,0.24936761
5,../HiDream-I1/output/full/image_17.png,0.2448574
5,../HiDream-I1/output/full/image_18.png,0.24781325
5,../HiDream-I1/output/full/image_19.png,0.27924028
5,../HiDream-I1/output/full/image_20.png,0.26803857
6,../HiDream-I1/output/full/image_21.png,0.2847781
6,../HiDream-I1/output/full/image_22.png,0.2450372
6,../HiDream-I1/output/full/image_23.png,0.2843731
6,../HiDream-I1/output/full/image_24.png,0.29153022
7,../HiDream-I1/output/full/image_25.png,0.29877934
7,../HiDream-I1/output/full/image_26.png,0.2867477
7,../HiDream-I1/output/full/image_27.png,0.28468028
7,../HiDream-I1/output/full/image_28.png,0.2931672
8,../HiDream-I1/output/full/image_29.png,0.28507677
8,../HiDream-I1/output/full/image_30.png,0.28352535
8,../HiDream-I1/output/full/image_31.png,0.27981862
8,../HiDream-I1/output/full/image_32.png,0.27723837
9,../HiDream-I1/output/full/image_33.png,0.29574502
9,../HiDream-I1/output/full/image_34.png,0.28590602
9,../HiDream-I1/output/full/image_35.png,0.29297692
9,../HiDream-I1/output/full/image_36.png,0.2892352
10,../HiDream-I1/output/full/image_37.png,0.2982368
10,../HiDream-I1/output/full/image_38.png,0.28391457
10,../HiDream-I1/output/full/image_39.png,0.28251797
10,../HiDream-I1/output/full/image_40.png,0.27884564
11,../HiDream-I1/output/full/image_41.png,0.33699453
11,../HiDream-I1/output/full/image_42.png,0.3369875
11,../HiDream-I1/output/full/image_43.png,0.329496
11,../HiDream-I1/output/full/image_44.png,0.33543116
12,../HiDream-I1/output/full/image_45.png,0.32343337
12,../HiDream-I1/output/full/image_46.png,0.3353397
12,../HiDream-I1/output/full/image_47.png,0.32817936
12,../HiDream-I1/output/full/image_48.png,0.32738677
13,../HiDream-I1/output/full/image_49.png,0.32718405
13,../HiDream-I1/output/full/image_50.png,0.3339681
13,../HiDream-I1/output/full/image_51.png,0.31915653
13,../HiDream-I1/output/full/image_52.png,0.33669192
14,../HiDream-I1/output/full/image_53.png,0.35429806
14,../HiDream-I1/output/full/image_54.png,0.36067036
14,../HiDream-I1/output/full/image_55.png,0.35019714
14,../HiDream-I1/output/full/image_56.png,0.36018476
15,../HiDream-I1/output/full/image_57.png,0.34165397
15,../HiDream-I1/output/full/image_58.png,0.33954257
15,../HiDream-I1/output/full/image_59.png,0.34483486
15,../HiDream-I1/output/full/image_60.png,0.3545269
16,../HiDream-I1/output/full/image_61.png,0.34576675
16,../HiDream-I1/output/full/image_62.png,0.32717484
16,../HiDream-I1/output/full/image_63.png,0.34926474
16,../HiDream-I1/output/full/image_64.png,0.33951232
17,../HiDream-I1/output/full/image_65.png,0.3177094
17,../HiDream-I1/output/full/image_66.png,0.30892769
17,../HiDream-I1/output/full/image_67.png,0.32574534
17,../HiDream-I1/output/full/image_68.png,0.33293697
18,../HiDream-I1/output/full/image_69.png,0.32751405
18,../HiDream-I1/output/full/image_70.png,0.32449806
18,../HiDream-I1/output/full/image_71.png,0.32499707
18,../HiDream-I1/output/full/image_72.png,0.31434804
19,../HiDream-I1/output/full/image_73.png,0.26253507
19,../HiDream-I1/output/full/image_74.png,0.19981039
19,../HiDream-I1/output/full/image_75.png,0.2575361
19,../HiDream-I1/output/full/image_76.png,0.24825996
20,../HiDream-I1/output/full/image_77.png,0.2653911
20,../HiDream-I1/output/full/image_78.png,0.2576473
20,../HiDream-I1/output/full/image_79.png,0.25209284
20,../HiDream-I1/output/full/image_80.png,0.25678706
21,../HiDream-I1/output/full/image_81.png,0.31276652
21,../HiDream-I1/output/full/image_82.png,0.3117328
21,../HiDream-I1/output/full/image_83.png,0.31863502
21,../HiDream-I1/output/full/image_84.png,0.30785668
22,../HiDream-I1/output/full/image_85.png,0.33772275
22,../HiDream-I1/output/full/image_86.png,0.3115408
22,../HiDream-I1/output/full/image_87.png,0.30898547
22,../HiDream-I1/output/full/image_88.png,0.34032407
23,../HiDream-I1/output/full/image_89.png,0.32583904
23,../HiDream-I1/output/full/image_90.png,0.31049082
23,../HiDream-I1/output/full/image_91.png,0.2980495
23,../HiDream-I1/output/full/image_92.png,0.32285303
24,../HiDream-I1/output/full/image_93.png,0.2366758
24,../HiDream-I1/output/full/image_94.png,0.24575995
24,../HiDream-I1/output/full/image_95.png,0.2814048
24,../HiDream-I1/output/full/image_96.png,0.27344325
25,../HiDream-I1/output/full/image_97.png,0.29783672
25,../HiDream-I1/output/full/image_98.png,0.29464722
25,../HiDream-I1/output/full/image_99.png,0.292352
25,../HiDream-I1/output/full/image_100.png,0.3058285
26,../HiDream-I1/output/full/image_101.png,0.33743775
26,../HiDream-I1/output/full/image_102.png,0.3421423
26,../HiDream-I1/output/full/image_103.png,0.34521154
26,../HiDream-I1/output/full/image_104.png,0.35128918
27,../HiDream-I1/output/full/image_105.png,0.33523902
27,../HiDream-I1/output/full/image_106.png,0.33275786
27,../HiDream-I1/output/full/image_107.png,0.33900952
27,../HiDream-I1/output/full/image_108.png,0.3284514
28,../HiDream-I1/output/full/image_109.png,0.3273395
28,../HiDream-I1/output/full/image_110.png,0.3313457
28,../HiDream-I1/output/full/image_111.png,0.3245902
28,../HiDream-I1/output/full/image_112.png,0.32787046
29,../HiDream-I1/output/full/image_113.png,0.316571
29,../HiDream-I1/output/full/image_114.png,0.31394798
29,../HiDream-I1/output/full/image_115.png,0.31571928
29,../HiDream-I1/output/full/image_116.png,0.27913275
30,../HiDream-I1/output/full/image_117.png,0.34043795
30,../HiDream-I1/output/full/image_118.png,0.3479442
30,../HiDream-I1/output/full/image_119.png,0.35276455
30,../HiDream-I1/output/full/image_120.png,0.348776
31,../HiDream-I1/output/full/image_121.png,0.27231827
31,../HiDream-I1/output/full/image_122.png,0.28540826
31,../HiDream-I1/output/full/image_123.png,0.2810989
31,../HiDream-I1/output/full/image_124.png,0.28463355
32,../HiDream-I1/output/full/image_125.png,0.26283905
32,../HiDream-I1/output/full/image_126.png,0.25993142
32,../HiDream-I1/output/full/image_127.png,0.24427493
32,../HiDream-I1/output/full/image_128.png,0.26984328
33,../HiDream-I1/output/full/image_129.png,0.29127616
33,../HiDream-I1/output/full/image_130.png,0.29740232
33,../HiDream-I1/output/full/image_131.png,0.29516843
33,../HiDream-I1/output/full/image_132.png,0.28990728
34,../HiDream-I1/output/full/image_133.png,0.27870107
34,../HiDream-I1/output/full/image_134.png,0.2963531
34,../HiDream-I1/output/full/image_135.png,0.30904418
34,../HiDream-I1/output/full/image_136.png,0.3066649
35,../HiDream-I1/output/full/image_137.png,0.28081512
35,../HiDream-I1/output/full/image_138.png,0.28175235
35,../HiDream-I1/output/full/image_139.png,0.29945374
35,../HiDream-I1/output/full/image_140.png,0.2857197
36,../HiDream-I1/output/full/image_141.png,0.32056466
36,../HiDream-I1/output/full/image_142.png,0.3043328
36,../HiDream-I1/output/full/image_143.png,0.3102584
36,../HiDream-I1/output/full/image_144.png,0.32090423
37,../HiDream-I1/output/full/image_145.png,0.3293315
37,../HiDream-I1/output/full/image_146.png,0.3018344
37,../HiDream-I1/output/full/image_147.png,0.31802964
37,../HiDream-I1/output/full/image_148.png,0.31795144
38,../HiDream-I1/output/full/image_149.png,0.23377949
38,../HiDream-I1/output/full/image_150.png,0.22408499
38,../HiDream-I1/output/full/image_151.png,0.23092264
38,../HiDream-I1/output/full/image_152.png,0.23942918
39,../HiDream-I1/output/full/image_153.png,0.23852575
39,../HiDream-I1/output/full/image_154.png,0.26642132
39,../HiDream-I1/output/full/image_155.png,0.26239094
39,../HiDream-I1/output/full/image_156.png,0.26018968
40,../HiDream-I1/output/full/image_157.png,0.21659054
40,../HiDream-I1/output/full/image_158.png,0.2143542
40,../HiDream-I1/output/full/image_159.png,0.20166306
40,../HiDream-I1/output/full/image_160.png,0.20963004
41,../HiDream-I1/output/full/image_161.png,0.30236033
41,../HiDream-I1/output/full/image_162.png,0.30118245
41,../HiDream-I1/output/full/image_163.png,0.32497838
41,../HiDream-I1/output/full/image_164.png,0.31187025
42,../HiDream-I1/output/full/image_165.png,0.29155734
42,../HiDream-I1/output/full/image_166.png,0.3202464
42,../HiDream-I1/output/full/image_167.png,0.30915847
42,../HiDream-I1/output/full/image_168.png,0.3000614
43,../HiDream-I1/output/full/image_169.png,0.29507613
43,../HiDream-I1/output/full/image_170.png,0.35267523
43,../HiDream-I1/output/full/image_171.png,0.3215504
43,../HiDream-I1/output/full/image_172.png,0.32876834
44,../HiDream-I1/output/full/image_173.png,0.31097007
44,../HiDream-I1/output/full/image_174.png,0.31648135
44,../HiDream-I1/output/full/image_175.png,0.31501985
44,../HiDream-I1/output/full/image_176.png,0.32829553
45,../HiDream-I1/output/full/image_177.png,0.29749906
45,../HiDream-I1/output/full/image_178.png,0.28409863
45,../HiDream-I1/output/full/image_179.png,0.2795867
45,../HiDream-I1/output/full/image_180.png,0.2984043
46,../HiDream-I1/output/full/image_181.png,0.3233487
46,../HiDream-I1/output/full/image_182.png,0.3290036
46,../HiDream-I1/output/full/image_183.png,0.34201756
46,../HiDream-I1/output/full/image_184.png,0.3459187
47,../HiDream-I1/output/full/image_185.png,0.3316923
47,../HiDream-I1/output/full/image_186.png,0.3218393
47,../HiDream-I1/output/full/image_187.png,0.33476058
47,../HiDream-I1/output/full/image_188.png,0.33300796
48,../HiDream-I1/output/full/image_189.png,0.37866452
48,../HiDream-I1/output/full/image_190.png,0.37560427
48,../HiDream-I1/output/full/image_191.png,0.37700772
48,../HiDream-I1/output/full/image_192.png,0.3738894
49,../HiDream-I1/output/full/image_193.png,0.3475928
49,../HiDream-I1/output/full/image_194.png,0.33496526
49,../HiDream-I1/output/full/image_195.png,0.3511075
49,../HiDream-I1/output/full/image_196.png,0.35507083
50,../HiDream-I1/output/full/image_197.png,0.33028924
50,../HiDream-I1/output/full/image_198.png,0.35098118
50,../HiDream-I1/output/full/image_199.png,0.3269631
50,../HiDream-I1/output/full/image_200.png,0.3426187
51,../HiDream-I1/output/full/image_201.png,0.3870652
51,../HiDream-I1/output/full/image_202.png,0.38721153
51,../HiDream-I1/output/full/image_203.png,0.37609017
51,../HiDream-I1/output/full/image_204.png,0.37970492
52,../HiDream-I1/output/full/image_205.png,0.31912804
52,../HiDream-I1/output/full/image_206.png,0.28870574
52,../HiDream-I1/output/full/image_207.png,0.32051405
52,../HiDream-I1/output/full/image_208.png,0.3139368
53,../HiDream-I1/output/full/image_209.png,0.30043784
53,../HiDream-I1/output/full/image_210.png,0.29140124
53,../HiDream-I1/output/full/image_211.png,0.2961424
53,../HiDream-I1/output/full/image_212.png,0.2973142
54,../HiDream-I1/output/full/image_213.png,0.29899
54,../HiDream-I1/output/full/image_214.png,0.3163934
54,../HiDream-I1/output/full/image_215.png,0.31309545
54,../HiDream-I1/output/full/image_216.png,0.29787135
55,../HiDream-I1/output/full/image_217.png,0.35950583
55,../HiDream-I1/output/full/image_218.png,0.34416837
55,../HiDream-I1/output/full/image_219.png,0.35582078
55,../HiDream-I1/output/full/image_220.png,0.34908515
56,../HiDream-I1/output/full/image_221.png,0.31941926
56,../HiDream-I1/output/full/image_222.png,0.33184248
56,../HiDream-I1/output/full/image_223.png,0.34527242
56,../HiDream-I1/output/full/image_224.png,0.29577807
57,../HiDream-I1/output/full/image_225.png,0.2923833
57,../HiDream-I1/output/full/image_226.png,0.2978487
57,../HiDream-I1/output/full/image_227.png,0.288899
57,../HiDream-I1/output/full/image_228.png,0.28682053
58,../HiDream-I1/output/full/image_229.png,0.33721218
58,../HiDream-I1/output/full/image_230.png,0.31289318
58,../HiDream-I1/output/full/image_231.png,0.32657635
58,../HiDream-I1/output/full/image_232.png,0.32227054
59,../HiDream-I1/output/full/image_233.png,0.36055088
59,../HiDream-I1/output/full/image_234.png,0.35552302
59,../HiDream-I1/output/full/image_235.png,0.36057776
59,../HiDream-I1/output/full/image_236.png,0.3478806
60,../HiDream-I1/output/full/image_237.png,0.2877551
60,../HiDream-I1/output/full/image_238.png,0.30274335
60,../HiDream-I1/output/full/image_239.png,0.30994433
60,../HiDream-I1/output/full/image_240.png,0.31261113
61,../HiDream-I1/output/full/image_241.png,0.36884576
61,../HiDream-I1/output/full/image_242.png,0.37540585
61,../HiDream-I1/output/full/image_243.png,0.36172134
61,../HiDream-I1/output/full/image_244.png,0.3626406
62,../HiDream-I1/output/full/image_245.png,0.35084513
62,../HiDream-I1/output/full/image_246.png,0.3314165
62,../HiDream-I1/output/full/image_247.png,0.3591111
62,../HiDream-I1/output/full/image_248.png,0.33329687
63,../HiDream-I1/output/full/image_249.png,0.34065753
63,../HiDream-I1/output/full/image_250.png,0.33286884
63,../HiDream-I1/output/full/image_251.png,0.32755697
63,../HiDream-I1/output/full/image_252.png,0.33099395
64,../HiDream-I1/output/full/image_253.png,0.33230788
64,../HiDream-I1/output/full/image_254.png,0.3268464
64,../HiDream-I1/output/full/image_255.png,0.33092788
64,../HiDream-I1/output/full/image_256.png,0.33414483
65,../HiDream-I1/output/full/image_257.png,0.34179446
65,../HiDream-I1/output/full/image_258.png,0.34431273
65,../HiDream-I1/output/full/image_259.png,0.326873
65,../HiDream-I1/output/full/image_260.png,0.35083565
66,../HiDream-I1/output/full/image_261.png,0.3516141
66,../HiDream-I1/output/full/image_262.png,0.35657227
66,../HiDream-I1/output/full/image_263.png,0.3517921
66,../HiDream-I1/output/full/image_264.png,0.3565861
67,../HiDream-I1/output/full/image_265.png,0.31562784
67,../HiDream-I1/output/full/image_266.png,0.32550463
67,../HiDream-I1/output/full/image_267.png,0.3038605
67,../HiDream-I1/output/full/image_268.png,0.31719542
68,../HiDream-I1/output/full/image_269.png,0.35821268
68,../HiDream-I1/output/full/image_270.png,0.32278773
68,../HiDream-I1/output/full/image_271.png,0.35729048
68,../HiDream-I1/output/full/image_272.png,0.3413558
69,../HiDream-I1/output/full/image_273.png,0.32877287
69,../HiDream-I1/output/full/image_274.png,0.34147838
69,../HiDream-I1/output/full/image_275.png,0.33442968
69,../HiDream-I1/output/full/image_276.png,0.3338183
70,../HiDream-I1/output/full/image_277.png,0.28653285
70,../HiDream-I1/output/full/image_278.png,0.3031345
70,../HiDream-I1/output/full/image_279.png,0.27748087
70,../HiDream-I1/output/full/image_280.png,0.29648095
71,../HiDream-I1/output/full/image_281.png,0.33213902
71,../HiDream-I1/output/full/image_282.png,0.31276867
71,../HiDream-I1/output/full/image_283.png,0.3536977
71,../HiDream-I1/output/full/image_284.png,0.34334388
72,../HiDream-I1/output/full/image_285.png,0.33716458
72,../HiDream-I1/output/full/image_286.png,0.33600518
72,../HiDream-I1/output/full/image_287.png,0.3401644
72,../HiDream-I1/output/full/image_288.png,0.32082957
73,../HiDream-I1/output/full/image_289.png,0.2923838
73,../HiDream-I1/output/full/image_290.png,0.30404744
73,../HiDream-I1/output/full/image_291.png,0.3019246
73,../HiDream-I1/output/full/image_292.png,0.30087146
74,../HiDream-I1/output/full/image_293.png,0.31389663
74,../HiDream-I1/output/full/image_294.png,0.29972646
74,../HiDream-I1/output/full/image_295.png,0.30656978
74,../HiDream-I1/output/full/image_296.png,0.30366027
75,../HiDream-I1/output/full/image_297.png,0.35056517
75,../HiDream-I1/output/full/image_298.png,0.3442926
75,../HiDream-I1/output/full/image_299.png,0.34694576
75,../HiDream-I1/output/full/image_300.png,0.35419482
76,../HiDream-I1/output/full/image_301.png,0.3010513
76,../HiDream-I1/output/full/image_302.png,0.29645783
76,../HiDream-I1/output/full/image_303.png,0.32114813
76,../HiDream-I1/output/full/image_304.png,0.30690536
77,../HiDream-I1/output/full/image_305.png,0.36771888
77,../HiDream-I1/output/full/image_306.png,0.35971126
77,../HiDream-I1/output/full/image_307.png,0.35908657
77,../HiDream-I1/output/full/image_308.png,0.359658
78,../HiDream-I1/output/full/image_309.png,0.27129203
78,../HiDream-I1/output/full/image_310.png,0.25699565
78,../HiDream-I1/output/full/image_311.png,0.28968418
78,../HiDream-I1/output/full/image_312.png,0.25487158
79,../HiDream-I1/output/full/image_313.png,0.2964003
79,../HiDream-I1/output/full/image_314.png,0.3066449
79,../HiDream-I1/output/full/image_315.png,0.30570328
79,../HiDream-I1/output/full/image_316.png,0.3003131
80,../HiDream-I1/output/full/image_317.png,0.33150923
80,../HiDream-I1/output/full/image_318.png,0.31133384
80,../HiDream-I1/output/full/image_319.png,0.34500024
80,../HiDream-I1/output/full/image_320.png,0.32944024
81,../HiDream-I1/output/full/image_321.png,0.28751996
81,../HiDream-I1/output/full/image_322.png,0.2730185
81,../HiDream-I1/output/full/image_323.png,0.2835231
81,../HiDream-I1/output/full/image_324.png,0.29714474
82,../HiDream-I1/output/full/image_325.png,0.28209475
82,../HiDream-I1/output/full/image_326.png,0.27688575
82,../HiDream-I1/output/full/image_327.png,0.28606242
82,../HiDream-I1/output/full/image_328.png,0.27649418
83,../HiDream-I1/output/full/image_329.png,0.329841
83,../HiDream-I1/output/full/image_330.png,0.32977438
83,../HiDream-I1/output/full/image_331.png,0.33871594
83,../HiDream-I1/output/full/image_332.png,0.31823206
84,../HiDream-I1/output/full/image_333.png,0.3483437
84,../HiDream-I1/output/full/image_334.png,0.337034
84,../HiDream-I1/output/full/image_335.png,0.34986085
84,../HiDream-I1/output/full/image_336.png,0.34123588
85,../HiDream-I1/output/full/image_337.png,0.3224863
85,../HiDream-I1/output/full/image_338.png,0.29203773
85,../HiDream-I1/output/full/image_339.png,0.29668614
85,../HiDream-I1/output/full/image_340.png,0.3150583
86,../HiDream-I1/output/full/image_341.png,0.27635026
86,../HiDream-I1/output/full/image_342.png,0.28979194
86,../HiDream-I1/output/full/image_343.png,0.29993656
86,../HiDream-I1/output/full/image_344.png,0.292844
87,../HiDream-I1/output/full/image_345.png,0.22766636
87,../HiDream-I1/output/full/image_346.png,0.19074087
87,../HiDream-I1/output/full/image_347.png,0.20000543
87,../HiDream-I1/output/full/image_348.png,0.2097418
88,../HiDream-I1/output/full/image_349.png,0.3464059
88,../HiDream-I1/output/full/image_350.png,0.22822326
88,../HiDream-I1/output/full/image_351.png,0.34162325
88,../HiDream-I1/output/full/image_352.png,0.3514313
89,../HiDream-I1/output/full/image_353.png,0.2781818
89,../HiDream-I1/output/full/image_354.png,0.28139165
89,../HiDream-I1/output/full/image_355.png,0.28813896
89,../HiDream-I1/output/full/image_356.png,0.2842199
90,../HiDream-I1/output/full/image_357.png,0.28859052
90,../HiDream-I1/output/full/image_358.png,0.27278596
90,../HiDream-I1/output/full/image_359.png,0.2923199
90,../HiDream-I1/output/full/image_360.png,0.29282057
91,../HiDream-I1/output/full/image_361.png,0.34819108
91,../HiDream-I1/output/full/image_362.png,0.3179453
91,../HiDream-I1/output/full/image_363.png,0.3518137
91,../HiDream-I1/output/full/image_364.png,0.32710415
92,../HiDream-I1/output/full/image_365.png,0.33792412
92,../HiDream-I1/output/full/image_366.png,0.3458837
92,../HiDream-I1/output/full/image_367.png,0.3504903
92,../HiDream-I1/output/full/image_368.png,0.36584115
93,../HiDream-I1/output/full/image_369.png,0.26784986
93,../HiDream-I1/output/full/image_370.png,0.27728277
93,../HiDream-I1/output/full/image_371.png,0.27144963
93,../HiDream-I1/output/full/image_372.png,0.26908752
94,../HiDream-I1/output/full/image_373.png,0.34569085
94,../HiDream-I1/output/full/image_374.png,0.3556072
94,../HiDream-I1/output/full/image_375.png,0.34794262
94,../HiDream-I1/output/full/image_376.png,0.3479149
95,../HiDream-I1/output/full/image_377.png,0.3184789
95,../HiDream-I1/output/full/image_378.png,0.3098623
95,../HiDream-I1/output/full/image_379.png,0.32192877
95,../HiDream-I1/output/full/image_380.png,0.3017507
96,../HiDream-I1/output/full/image_381.png,0.34662002
96,../HiDream-I1/output/full/image_382.png,0.35168004
96,../HiDream-I1/output/full/image_383.png,0.33401266
96,../HiDream-I1/output/full/image_384.png,0.35279483
97,../HiDream-I1/output/full/image_385.png,0.35464975
97,../HiDream-I1/output/full/image_386.png,0.36352476
97,../HiDream-I1/output/full/image_387.png,0.35102323
97,../HiDream-I1/output/full/image_388.png,0.3374079
98,../HiDream-I1/output/full/image_389.png,0.3562497
98,../HiDream-I1/output/full/image_390.png,0.35358512
98,../HiDream-I1/output/full/image_391.png,0.34590468
98,../HiDream-I1/output/full/image_392.png,0.36186594
99,../HiDream-I1/output/full/image_393.png,0.33784974
99,../HiDream-I1/output/full/image_394.png,0.29789907
99,../HiDream-I1/output/full/image_395.png,0.32330889
99,../HiDream-I1/output/full/image_396.png,0.33528703
100,../HiDream-I1/output/full/image_397.png,0.32367092
100,../HiDream-I1/output/full/image_398.png,0.31436867
100,../HiDream-I1/output/full/image_399.png,0.32761496
100,../HiDream-I1/output/full/image_400.png,0.32522193
101,../HiDream-I1/output/full/image_401.png,0.27861696
101,../HiDream-I1/output/full/image_402.png,0.32081124
101,../HiDream-I1/output/full/image_403.png,0.31430045
101,../HiDream-I1/output/full/image_404.png,0.2922821
102,../HiDream-I1/output/full/image_405.png,0.35411248
102,../HiDream-I1/output/full/image_406.png,0.30983657
102,../HiDream-I1/output/full/image_407.png,0.35150552
102,../HiDream-I1/output/full/image_408.png,0.37081409
103,../HiDream-I1/output/full/image_409.png,0.3671104
103,../HiDream-I1/output/full/image_410.png,0.36466002
103,../HiDream-I1/output/full/image_411.png,0.36075407
103,../HiDream-I1/output/full/image_412.png,0.36970818
104,../HiDream-I1/output/full/image_413.png,0.3053526
104,../HiDream-I1/output/full/image_414.png,0.29106224
104,../HiDream-I1/output/full/image_415.png,0.2924955
104,../HiDream-I1/output/full/image_416.png,0.29285073
105,../HiDream-I1/output/full/image_417.png,0.33136156
105,../HiDream-I1/output/full/image_418.png,0.31790048
105,../HiDream-I1/output/full/image_419.png,0.3169048
105,../HiDream-I1/output/full/image_420.png,0.3180718
106,../HiDream-I1/output/full/image_421.png,0.36941954
106,../HiDream-I1/output/full/image_422.png,0.3761918
106,../HiDream-I1/output/full/image_423.png,0.3751496
106,../HiDream-I1/output/full/image_424.png,0.36820018
107,../HiDream-I1/output/full/image_425.png,0.325544
107,../HiDream-I1/output/full/image_426.png,0.29188937
107,../HiDream-I1/output/full/image_427.png,0.33083034
107,../HiDream-I1/output/full/image_428.png,0.31360945
108,../HiDream-I1/output/full/image_429.png,0.36855018
108,../HiDream-I1/output/full/image_430.png,0.3702207
108,../HiDream-I1/output/full/image_431.png,0.37067547
108,../HiDream-I1/output/full/image_432.png,0.34417763
109,../HiDream-I1/output/full/image_433.png,0.32595062
109,../HiDream-I1/output/full/image_434.png,0.33317187
109,../HiDream-I1/output/full/image_435.png,0.3524645
109,../HiDream-I1/output/full/image_436.png,0.34652182
110,../HiDream-I1/output/full/image_437.png,0.36005345
110,../HiDream-I1/output/full/image_438.png,0.3443896
110,../HiDream-I1/output/full/image_439.png,0.3741721
110,../HiDream-I1/output/full/image_440.png,0.3526316
111,../HiDream-I1/output/full/image_441.png,0.31958133
111,../HiDream-I1/output/full/image_442.png,0.30671194
111,../HiDream-I1/output/full/image_443.png,0.32069343
111,../HiDream-I1/output/full/image_444.png,0.32892227
112,../HiDream-I1/output/full/image_445.png,0.30432153
112,../HiDream-I1/output/full/image_446.png,0.3216986
112,../HiDream-I1/output/full/image_447.png,0.31991544
112,../HiDream-I1/output/full/image_448.png,0.33139998
113,../HiDream-I1/output/full/image_449.png,0.3098383
113,../HiDream-I1/output/full/image_450.png,0.3288633
113,../HiDream-I1/output/full/image_451.png,0.32915938
113,../HiDream-I1/output/full/image_452.png,0.3111717
114,../HiDream-I1/output/full/image_453.png,0.32886085
114,../HiDream-I1/output/full/image_454.png,0.3218447
114,../HiDream-I1/output/full/image_455.png,0.31458023
114,../HiDream-I1/output/full/image_456.png,0.32314742
115,../HiDream-I1/output/full/image_457.png,0.37050635
115,../HiDream-I1/output/full/image_458.png,0.3495077
115,../HiDream-I1/output/full/image_459.png,0.37238216
115,../HiDream-I1/output/full/image_460.png,0.37029117
116,../HiDream-I1/output/full/image_461.png,0.30869836
116,../HiDream-I1/output/full/image_462.png,0.31812066
116,../HiDream-I1/output/full/image_463.png,0.3098961
116,../HiDream-I1/output/full/image_464.png,0.30878755
117,../HiDream-I1/output/full/image_465.png,0.2995646
117,../HiDream-I1/output/full/image_466.png,0.27756563
117,../HiDream-I1/output/full/image_467.png,0.2974976
117,../HiDream-I1/output/full/image_468.png,0.31357676
118,../HiDream-I1/output/full/image_469.png,0.3339806
118,../HiDream-I1/output/full/image_470.png,0.31087196
118,../HiDream-I1/output/full/image_471.png,0.32015744
118,../HiDream-I1/output/full/image_472.png,0.33579844
119,../HiDream-I1/output/full/image_473.png,0.34424484
119,../HiDream-I1/output/full/image_474.png,0.32805857
119,../HiDream-I1/output/full/image_475.png,0.3451707
119,../HiDream-I1/output/full/image_476.png,0.31347853
120,../HiDream-I1/output/full/image_477.png,0.30657452
120,../HiDream-I1/output/full/image_478.png,0.33146846
120,../HiDream-I1/output/full/image_479.png,0.32842597
120,../HiDream-I1/output/full/image_480.png,0.31805912
121,../HiDream-I1/output/full/image_481.png,0.31963158
121,../HiDream-I1/output/full/image_482.png,0.3227156
121,../HiDream-I1/output/full/image_483.png,0.31839195
121,../HiDream-I1/output/full/image_484.png,0.3183244
122,../HiDream-I1/output/full/image_485.png,0.33776104
122,../HiDream-I1/output/full/image_486.png,0.32947394
122,../HiDream-I1/output/full/image_487.png,0.33906573
122,../HiDream-I1/output/full/image_488.png,0.30652702
123,../HiDream-I1/output/full/image_489.png,0.28154305
123,../HiDream-I1/output/full/image_490.png,0.27849108
123,../HiDream-I1/output/full/image_491.png,0.2669755
123,../HiDream-I1/output/full/image_492.png,0.29268405
124,../HiDream-I1/output/full/image_493.png,0.3137266
124,../HiDream-I1/output/full/image_494.png,0.29944324
124,../HiDream-I1/output/full/image_495.png,0.31728613
124,../HiDream-I1/output/full/image_496.png,0.32773465
125,../HiDream-I1/output/full/image_497.png,0.28445283
125,../HiDream-I1/output/full/image_498.png,0.2639339
125,../HiDream-I1/output/full/image_499.png,0.28489256
125,../HiDream-I1/output/full/image_500.png,0.32065037
126,../HiDream-I1/output/full/image_501.png,0.33092037
126,../HiDream-I1/output/full/image_502.png,0.32557663
126,../HiDream-I1/output/full/image_503.png,0.32283765
126,../HiDream-I1/output/full/image_504.png,0.33797356
127,../HiDream-I1/output/full/image_505.png,0.27507216
127,../HiDream-I1/output/full/image_506.png,0.28548482
127,../HiDream-I1/output/full/image_507.png,0.28031296
127,../HiDream-I1/output/full/image_508.png,0.28986484
128,../HiDream-I1/output/full/image_509.png,0.32357296
128,../HiDream-I1/output/full/image_510.png,0.35057622
128,../HiDream-I1/output/full/image_511.png,0.33033812
128,../HiDream-I1/output/full/image_512.png,0.3332396
129,../HiDream-I1/output/full/image_513.png,0.23958962
129,../HiDream-I1/output/full/image_514.png,0.2150044
129,../HiDream-I1/output/full/image_515.png,0.28338933
129,../HiDream-I1/output/full/image_516.png,0.25818497
130,../HiDream-I1/output/full/image_517.png,0.2897602
130,../HiDream-I1/output/full/image_518.png,0.2739819
130,../HiDream-I1/output/full/image_519.png,0.2894542
130,../HiDream-I1/output/full/image_520.png,0.2772346
131,../HiDream-I1/output/full/image_521.png,0.3106366
131,../HiDream-I1/output/full/image_522.png,0.31961292
131,../HiDream-I1/output/full/image_523.png,0.31229207
131,../HiDream-I1/output/full/image_524.png,0.32084802
132,../HiDream-I1/output/full/image_525.png,0.27806237
132,../HiDream-I1/output/full/image_526.png,0.30409747
132,../HiDream-I1/output/full/image_527.png,0.28553554
132,../HiDream-I1/output/full/image_528.png,0.27935952
133,../HiDream-I1/output/full/image_529.png,0.32900092
133,../HiDream-I1/output/full/image_530.png,0.32195747
133,../HiDream-I1/output/full/image_531.png,0.33105204
133,../HiDream-I1/output/full/image_532.png,0.32303998
134,../HiDream-I1/output/full/image_533.png,0.3363855
134,../HiDream-I1/output/full/image_534.png,0.32909817
134,../HiDream-I1/output/full/image_535.png,0.32145473
134,../HiDream-I1/output/full/image_536.png,0.3363407
135,../HiDream-I1/output/full/image_537.png,0.32507235
135,../HiDream-I1/output/full/image_538.png,0.3399427
135,../HiDream-I1/output/full/image_539.png,0.33822444
135,../HiDream-I1/output/full/image_540.png,0.33547273
136,../HiDream-I1/output/full/image_541.png,0.31022525
136,../HiDream-I1/output/full/image_542.png,0.3060055
136,../HiDream-I1/output/full/image_543.png,0.3209896
136,../HiDream-I1/output/full/image_544.png,0.30139092
137,../HiDream-I1/output/full/image_545.png,0.29925847
137,../HiDream-I1/output/full/image_546.png,0.3198547
137,../HiDream-I1/output/full/image_547.png,0.30733994
137,../HiDream-I1/output/full/image_548.png,0.32686082
138,../HiDream-I1/output/full/image_549.png,0.35288388
138,../HiDream-I1/output/full/image_550.png,0.367787
138,../HiDream-I1/output/full/image_551.png,0.3436376
138,../HiDream-I1/output/full/image_552.png,0.35655057
139,../HiDream-I1/output/full/image_553.png,0.3302113
139,../HiDream-I1/output/full/image_554.png,0.30647665
139,../HiDream-I1/output/full/image_555.png,0.31736296
139,../HiDream-I1/output/full/image_556.png,0.31522498
140,../HiDream-I1/output/full/image_557.png,0.33799174
140,../HiDream-I1/output/full/image_558.png,0.3390676
140,../HiDream-I1/output/full/image_559.png,0.33226308
140,../HiDream-I1/output/full/image_560.png,0.3509934
141,../HiDream-I1/output/full/image_561.png,0.2617959
141,../HiDream-I1/output/full/image_562.png,0.2760319
141,../HiDream-I1/output/full/image_563.png,0.26734036
141,../HiDream-I1/output/full/image_564.png,0.25385416
142,../HiDream-I1/output/full/image_565.png,0.32448885
142,../HiDream-I1/output/full/image_566.png,0.32832718
142,../HiDream-I1/output/full/image_567.png,0.35037574
142,../HiDream-I1/output/full/image_568.png,0.3349343
143,../HiDream-I1/output/full/image_569.png,0.3062279
143,../HiDream-I1/output/full/image_570.png,0.30509073
143,../HiDream-I1/output/full/image_571.png,0.3228937
143,../HiDream-I1/output/full/image_572.png,0.2989992
144,../HiDream-I1/output/full/image_573.png,0.3115446
144,../HiDream-I1/output/full/image_574.png,0.31071848
144,../HiDream-I1/output/full/image_575.png,0.3189169
144,../HiDream-I1/output/full/image_576.png,0.31215915
145,../HiDream-I1/output/full/image_577.png,0.33525103
145,../HiDream-I1/output/full/image_578.png,0.3277244
145,../HiDream-I1/output/full/image_579.png,0.33727482
145,../HiDream-I1/output/full/image_580.png,0.33282742
146,../HiDream-I1/output/full/image_581.png,0.3244067
146,../HiDream-I1/output/full/image_582.png,0.33723217
146,../HiDream-I1/output/full/image_583.png,0.33663344
146,../HiDream-I1/output/full/image_584.png,0.34614936
147,../HiDream-I1/output/full/image_585.png,0.33551162
147,../HiDream-I1/output/full/image_586.png,0.32384932
147,../HiDream-I1/output/full/image_587.png,0.3260047
147,../HiDream-I1/output/full/image_588.png,0.32971945
148,../HiDream-I1/output/full/image_589.png,0.2910387
148,../HiDream-I1/output/full/image_590.png,0.29605967
148,../HiDream-I1/output/full/image_591.png,0.28248635
148,../HiDream-I1/output/full/image_592.png,0.2936415
149,../HiDream-I1/output/full/image_593.png,0.33386633
149,../HiDream-I1/output/full/image_594.png,0.38287205
149,../HiDream-I1/output/full/image_595.png,0.36180004
149,../HiDream-I1/output/full/image_596.png,0.3678046
150,../HiDream-I1/output/full/image_597.png,0.33481
150,../HiDream-I1/output/full/image_598.png,0.3323582
150,../HiDream-I1/output/full/image_599.png,0.35381854
150,../HiDream-I1/output/full/image_600.png,0.35318655
151,../HiDream-I1/output/full/image_601.png,0.3019063
151,../HiDream-I1/output/full/image_602.png,0.32114935
151,../HiDream-I1/output/full/image_603.png,0.3160501
151,../HiDream-I1/output/full/image_604.png,0.30610642
152,../HiDream-I1/output/full/image_605.png,0.34147972
152,../HiDream-I1/output/full/image_606.png,0.33643433
152,../HiDream-I1/output/full/image_607.png,0.33168292
152,../HiDream-I1/output/full/image_608.png,0.3451418
153,../HiDream-I1/output/full/image_609.png,0.30329525
153,../HiDream-I1/output/full/image_610.png,0.29883066
153,../HiDream-I1/output/full/image_611.png,0.29076454
153,../HiDream-I1/output/full/image_612.png,0.3077766
154,../HiDream-I1/output/full/image_613.png,0.27477387
154,../HiDream-I1/output/full/image_614.png,0.26644862
154,../HiDream-I1/output/full/image_615.png,0.27903995
154,../HiDream-I1/output/full/image_616.png,0.2660622
155,../HiDream-I1/output/full/image_617.png,0.324862
155,../HiDream-I1/output/full/image_618.png,0.3277459
155,../HiDream-I1/output/full/image_619.png,0.30630678
155,../HiDream-I1/output/full/image_620.png,0.33376542
156,../HiDream-I1/output/full/image_621.png,0.31538126
156,../HiDream-I1/output/full/image_622.png,0.31908968
156,../HiDream-I1/output/full/image_623.png,0.30369848
156,../HiDream-I1/output/full/image_624.png,0.313159
157,../HiDream-I1/output/full/image_625.png,0.32549137
157,../HiDream-I1/output/full/image_626.png,0.33244577
157,../HiDream-I1/output/full/image_627.png,0.3333382
157,../HiDream-I1/output/full/image_628.png,0.3329492
158,../HiDream-I1/output/full/image_629.png,0.32734162
158,../HiDream-I1/output/full/image_630.png,0.33196458
158,../HiDream-I1/output/full/image_631.png,0.3284368
158,../HiDream-I1/output/full/image_632.png,0.3186317
159,../HiDream-I1/output/full/image_633.png,0.34081095
159,../HiDream-I1/output/full/image_634.png,0.29998365
159,../HiDream-I1/output/full/image_635.png,0.3222874
159,../HiDream-I1/output/full/image_636.png,0.34425038
160,../HiDream-I1/output/full/image_637.png,0.316234
160,../HiDream-I1/output/full/image_638.png,0.31869757
160,../HiDream-I1/output/full/image_639.png,0.32244503
160,../HiDream-I1/output/full/image_640.png,0.32923165
161,../HiDream-I1/output/full/image_641.png,0.3666194
161,../HiDream-I1/output/full/image_642.png,0.35671043
161,../HiDream-I1/output/full/image_643.png,0.36835688
161,../HiDream-I1/output/full/image_644.png,0.37264943
162,../HiDream-I1/output/full/image_645.png,0.2795391
162,../HiDream-I1/output/full/image_646.png,0.2802535
162,../HiDream-I1/output/full/image_647.png,0.28326687
162,../HiDream-I1/output/full/image_648.png,0.27754313
163,../HiDream-I1/output/full/image_649.png,0.28154886
163,../HiDream-I1/output/full/image_650.png,0.28402895
163,../HiDream-I1/output/full/image_651.png,0.28074002
163,../HiDream-I1/output/full/image_652.png,0.28015077
164,../HiDream-I1/output/full/image_653.png,0.33224556
164,../HiDream-I1/output/full/image_654.png,0.34644857
164,../HiDream-I1/output/full/image_655.png,0.33716518
164,../HiDream-I1/output/full/image_656.png,0.3419846
165,../HiDream-I1/output/full/image_657.png,0.26663488
165,../HiDream-I1/output/full/image_658.png,0.3014017
165,../HiDream-I1/output/full/image_659.png,0.28410864
165,../HiDream-I1/output/full/image_660.png,0.2822817
166,../HiDream-I1/output/full/image_661.png,0.29977405
166,../HiDream-I1/output/full/image_662.png,0.2992067
166,../HiDream-I1/output/full/image_663.png,0.29493478
166,../HiDream-I1/output/full/image_664.png,0.3017427
167,../HiDream-I1/output/full/image_665.png,0.26620013
167,../HiDream-I1/output/full/image_666.png,0.25595024
167,../HiDream-I1/output/full/image_667.png,0.27167216
167,../HiDream-I1/output/full/image_668.png,0.26109266
168,../HiDream-I1/output/full/image_669.png,0.31487885
168,../HiDream-I1/output/full/image_670.png,0.30209395
168,../HiDream-I1/output/full/image_671.png,0.3146655
168,../HiDream-I1/output/full/image_672.png,0.3083665
169,../HiDream-I1/output/full/image_673.png,0.354266
169,../HiDream-I1/output/full/image_674.png,0.32076538
169,../HiDream-I1/output/full/image_675.png,0.36227158
169,../HiDream-I1/output/full/image_676.png,0.3508042
170,../HiDream-I1/output/full/image_677.png,0.30032527
170,../HiDream-I1/output/full/image_678.png,0.27073464
170,../HiDream-I1/output/full/image_679.png,0.28604862
170,../HiDream-I1/output/full/image_680.png,0.28598008
171,../HiDream-I1/output/full/image_681.png,0.2667578
171,../HiDream-I1/output/full/image_682.png,0.2558233
171,../HiDream-I1/output/full/image_683.png,0.26191863
171,../HiDream-I1/output/full/image_684.png,0.27505413
172,../HiDream-I1/output/full/image_685.png,0.28068668
172,../HiDream-I1/output/full/image_686.png,0.29840574
172,../HiDream-I1/output/full/image_687.png,0.3037696
172,../HiDream-I1/output/full/image_688.png,0.27613908
173,../HiDream-I1/output/full/image_689.png,0.34941506
173,../HiDream-I1/output/full/image_690.png,0.3493722
173,../HiDream-I1/output/full/image_691.png,0.32628584
173,../HiDream-I1/output/full/image_692.png,0.33838135
174,../HiDream-I1/output/full/image_693.png,0.30262527
174,../HiDream-I1/output/full/image_694.png,0.31991512
174,../HiDream-I1/output/full/image_695.png,0.30697972
174,../HiDream-I1/output/full/image_696.png,0.30161437
175,../HiDream-I1/output/full/image_697.png,0.29065052
175,../HiDream-I1/output/full/image_698.png,0.30274084
175,../HiDream-I1/output/full/image_699.png,0.28645173
175,../HiDream-I1/output/full/image_700.png,0.28655785
176,../HiDream-I1/output/full/image_701.png,0.29108962
176,../HiDream-I1/output/full/image_702.png,0.28498563
176,../HiDream-I1/output/full/image_703.png,0.31284967
176,../HiDream-I1/output/full/image_704.png,0.3201209
177,../HiDream-I1/output/full/image_705.png,0.280814
177,../HiDream-I1/output/full/image_706.png,0.27734435
177,../HiDream-I1/output/full/image_707.png,0.2670136
177,../HiDream-I1/output/full/image_708.png,0.3006652
178,../HiDream-I1/output/full/image_709.png,0.27794564
178,../HiDream-I1/output/full/image_710.png,0.28270164
178,../HiDream-I1/output/full/image_711.png,0.27827567
178,../HiDream-I1/output/full/image_712.png,0.28610566
179,../HiDream-I1/output/full/image_713.png,0.3067439
179,../HiDream-I1/output/full/image_714.png,0.32176492
179,../HiDream-I1/output/full/image_715.png,0.30060056
179,../HiDream-I1/output/full/image_716.png,0.31974015
180,../HiDream-I1/output/full/image_717.png,0.2705295
180,../HiDream-I1/output/full/image_718.png,0.308723
180,../HiDream-I1/output/full/image_719.png,0.28342766
180,../HiDream-I1/output/full/image_720.png,0.29053542
181,../HiDream-I1/output/full/image_721.png,0.27734077
181,../HiDream-I1/output/full/image_722.png,0.28019938
181,../HiDream-I1/output/full/image_723.png,0.28100118
181,../HiDream-I1/output/full/image_724.png,0.24391599
182,../HiDream-I1/output/full/image_725.png,0.27437928
182,../HiDream-I1/output/full/image_726.png,0.21520127
182,../HiDream-I1/output/full/image_727.png,0.21757564
182,../HiDream-I1/output/full/image_728.png,0.28356043
183,../HiDream-I1/output/full/image_729.png,0.22346142
183,../HiDream-I1/output/full/image_730.png,0.2602315
183,../HiDream-I1/output/full/image_731.png,0.22097827
183,../HiDream-I1/output/full/image_732.png,0.25057292
184,../HiDream-I1/output/full/image_733.png,0.2546337
184,../HiDream-I1/output/full/image_734.png,0.26253864
184,../HiDream-I1/output/full/image_735.png,0.26540467
184,../HiDream-I1/output/full/image_736.png,0.25485867
185,../HiDream-I1/output/full/image_737.png,0.3562357
185,../HiDream-I1/output/full/image_738.png,0.35285336
185,../HiDream-I1/output/full/image_739.png,0.36604017
185,../HiDream-I1/output/full/image_740.png,0.34101638
186,../HiDream-I1/output/full/image_741.png,0.23860152
186,../HiDream-I1/output/full/image_742.png,0.23508151
186,../HiDream-I1/output/full/image_743.png,0.24291214
186,../HiDream-I1/output/full/image_744.png,0.2363866
187,../HiDream-I1/output/full/image_745.png,0.35243267
187,../HiDream-I1/output/full/image_746.png,0.35500908
187,../HiDream-I1/output/full/image_747.png,0.33824325
187,../HiDream-I1/output/full/image_748.png,0.3493857
188,../HiDream-I1/output/full/image_749.png,0.3546094
188,../HiDream-I1/output/full/image_750.png,0.3520539
188,../HiDream-I1/output/full/image_751.png,0.3273277
188,../HiDream-I1/output/full/image_752.png,0.3364021
189,../HiDream-I1/output/full/image_753.png,0.33814323
189,../HiDream-I1/output/full/image_754.png,0.3585253
189,../HiDream-I1/output/full/image_755.png,0.38283005
189,../HiDream-I1/output/full/image_756.png,0.36188725
190,../HiDream-I1/output/full/image_757.png,0.3213606
190,../HiDream-I1/output/full/image_758.png,0.32997516
190,../HiDream-I1/output/full/image_759.png,0.34780958
190,../HiDream-I1/output/full/image_760.png,0.34039372
191,../HiDream-I1/output/full/image_761.png,0.32423064
191,../HiDream-I1/output/full/image_762.png,0.32388034
191,../HiDream-I1/output/full/image_763.png,0.33294207
191,../HiDream-I1/output/full/image_764.png,0.32661536
192,../HiDream-I1/output/full/image_765.png,0.32544434
192,../HiDream-I1/output/full/image_766.png,0.32005823
192,../HiDream-I1/output/full/image_767.png,0.3302902
192,../HiDream-I1/output/full/image_768.png,0.331889
193,../HiDream-I1/output/full/image_769.png,0.31062245
193,../HiDream-I1/output/full/image_770.png,0.32341498
193,../HiDream-I1/output/full/image_771.png,0.31465825
193,../HiDream-I1/output/full/image_772.png,0.31268144
194,../HiDream-I1/output/full/image_773.png,0.30888495
194,../HiDream-I1/output/full/image_774.png,0.30515233
194,../HiDream-I1/output/full/image_775.png,0.30576795
194,../HiDream-I1/output/full/image_776.png,0.2875302
195,../HiDream-I1/output/full/image_777.png,0.37914234
195,../HiDream-I1/output/full/image_778.png,0.32552332
195,../HiDream-I1/output/full/image_779.png,0.34579226
195,../HiDream-I1/output/full/image_780.png,0.37144676
196,../HiDream-I1/output/full/image_781.png,0.3165563
196,../HiDream-I1/output/full/image_782.png,0.321781
196,../HiDream-I1/output/full/image_783.png,0.31983626
196,../HiDream-I1/output/full/image_784.png,0.32154107
197,../HiDream-I1/output/full/image_785.png,0.29233235
197,../HiDream-I1/output/full/image_786.png,0.2953386
197,../HiDream-I1/output/full/image_787.png,0.30136707
197,../HiDream-I1/output/full/image_788.png,0.2961209
198,../HiDream-I1/output/full/image_789.png,0.30908746
198,../HiDream-I1/output/full/image_790.png,0.30385014
198,../HiDream-I1/output/full/image_791.png,0.32509562
198,../HiDream-I1/output/full/image_792.png,0.29971775
199,../HiDream-I1/output/full/image_793.png,0.3167112
199,../HiDream-I1/output/full/image_794.png,0.32575247
199,../HiDream-I1/output/full/image_795.png,0.32249057
199,../HiDream-I1/output/full/image_796.png,0.31410357
200,../HiDream-I1/output/full/image_797.png,0.26185265
200,../HiDream-I1/output/full/image_798.png,0.29237247
200,../HiDream-I1/output/full/image_799.png,0.27401567
200,../HiDream-I1/output/full/image_800.png,0.27693194
201,../HiDream-I1/output/full/image_801.png,0.3242624
201,../HiDream-I1/output/full/image_802.png,0.32652262
201,../HiDream-I1/output/full/image_803.png,0.31965372
201,../HiDream-I1/output/full/image_804.png,0.31675577
202,../HiDream-I1/output/full/image_805.png,0.3428608
202,../HiDream-I1/output/full/image_806.png,0.34106815
202,../HiDream-I1/output/full/image_807.png,0.34180596
202,../HiDream-I1/output/full/image_808.png,0.33787683
203,../HiDream-I1/output/full/image_809.png,0.35359722
203,../HiDream-I1/output/full/image_810.png,0.35265774
203,../HiDream-I1/output/full/image_811.png,0.3617616
203,../HiDream-I1/output/full/image_812.png,0.3573956
204,../HiDream-I1/output/full/image_813.png,0.34834707
204,../HiDream-I1/output/full/image_814.png,0.34916383
204,../HiDream-I1/output/full/image_815.png,0.3508576
204,../HiDream-I1/output/full/image_816.png,0.3536355
205,../HiDream-I1/output/full/image_817.png,0.35720375
205,../HiDream-I1/output/full/image_818.png,0.3809609
205,../HiDream-I1/output/full/image_819.png,0.34885305
205,../HiDream-I1/output/full/image_820.png,0.35977155
206,../HiDream-I1/output/full/image_821.png,0.3185372
206,../HiDream-I1/output/full/image_822.png,0.30260018
206,../HiDream-I1/output/full/image_823.png,0.3152943
206,../HiDream-I1/output/full/image_824.png,0.32807094
207,../HiDream-I1/output/full/image_825.png,0.36242643
207,../HiDream-I1/output/full/image_826.png,0.36388996
207,../HiDream-I1/output/full/image_827.png,0.37219152
207,../HiDream-I1/output/full/image_828.png,0.37632638
208,../HiDream-I1/output/full/image_829.png,0.31883737
208,../HiDream-I1/output/full/image_830.png,0.3276125
208,../HiDream-I1/output/full/image_831.png,0.3301489
208,../HiDream-I1/output/full/image_832.png,0.32486984
209,../HiDream-I1/output/full/image_833.png,0.35389057
209,../HiDream-I1/output/full/image_834.png,0.35662404
209,../HiDream-I1/output/full/image_835.png,0.35216925
209,../HiDream-I1/output/full/image_836.png,0.34962347
210,../HiDream-I1/output/full/image_837.png,0.34437618
210,../HiDream-I1/output/full/image_838.png,0.3503142
210,../HiDream-I1/output/full/image_839.png,0.34543794
210,../HiDream-I1/output/full/image_840.png,0.34409326
211,../HiDream-I1/output/full/image_841.png,0.27737316
211,../HiDream-I1/output/full/image_842.png,0.3192993
211,../HiDream-I1/output/full/image_843.png,0.26181477
211,../HiDream-I1/output/full/image_844.png,0.2559545
212,../HiDream-I1/output/full/image_845.png,0.30181378
212,../HiDream-I1/output/full/image_846.png,0.31460315
212,../HiDream-I1/output/full/image_847.png,0.30168328
212,../HiDream-I1/output/full/image_848.png,0.2998899
213,../HiDream-I1/output/full/image_849.png,0.31285855
213,../HiDream-I1/output/full/image_850.png,0.33086407
213,../HiDream-I1/output/full/image_851.png,0.3276952
213,../HiDream-I1/output/full/image_852.png,0.3112944
214,../HiDream-I1/output/full/image_853.png,0.3124594
214,../HiDream-I1/output/full/image_854.png,0.3240496
214,../HiDream-I1/output/full/image_855.png,0.34090248
214,../HiDream-I1/output/full/image_856.png,0.31836686
215,../HiDream-I1/output/full/image_857.png,0.26775253
215,../HiDream-I1/output/full/image_858.png,0.22810009
215,../HiDream-I1/output/full/image_859.png,0.29300967
215,../HiDream-I1/output/full/image_860.png,0.29979578
216,../HiDream-I1/output/full/image_861.png,0.2742413
216,../HiDream-I1/output/full/image_862.png,0.27545366
216,../HiDream-I1/output/full/image_863.png,0.29394898
216,../HiDream-I1/output/full/image_864.png,0.28059807
217,../HiDream-I1/output/full/image_865.png,0.33266288
217,../HiDream-I1/output/full/image_866.png,0.31159574
217,../HiDream-I1/output/full/image_867.png,0.33245996
217,../HiDream-I1/output/full/image_868.png,0.3354178
218,../HiDream-I1/output/full/image_869.png,0.25624612
218,../HiDream-I1/output/full/image_870.png,0.26155978
218,../HiDream-I1/output/full/image_871.png,0.2764745
218,../HiDream-I1/output/full/image_872.png,0.25986964
219,../HiDream-I1/output/full/image_873.png,0.33510178
219,../HiDream-I1/output/full/image_874.png,0.3377414
219,../HiDream-I1/output/full/image_875.png,0.34927708
219,../HiDream-I1/output/full/image_876.png,0.33514372
220,../HiDream-I1/output/full/image_877.png,0.33569905
220,../HiDream-I1/output/full/image_878.png,0.3338265
220,../HiDream-I1/output/full/image_879.png,0.34915534
220,../HiDream-I1/output/full/image_880.png,0.32797033
221,../HiDream-I1/output/full/image_881.png,0.34004653
221,../HiDream-I1/output/full/image_882.png,0.32620916
221,../HiDream-I1/output/full/image_883.png,0.3474858
221,../HiDream-I1/output/full/image_884.png,0.33806947
222,../HiDream-I1/output/full/image_885.png,0.29446995
222,../HiDream-I1/output/full/image_886.png,0.28885478
222,../HiDream-I1/output/full/image_887.png,0.2894776
222,../HiDream-I1/output/full/image_888.png,0.2712979
223,../HiDream-I1/output/full/image_889.png,0.29105732
223,../HiDream-I1/output/full/image_890.png,0.27737814
223,../HiDream-I1/output/full/image_891.png,0.2859631
223,../HiDream-I1/output/full/image_892.png,0.28811204
224,../HiDream-I1/output/full/image_893.png,0.37217176
224,../HiDream-I1/output/full/image_894.png,0.3594963
224,../HiDream-I1/output/full/image_895.png,0.37085
224,../HiDream-I1/output/full/image_896.png,0.3831315
225,../HiDream-I1/output/full/image_897.png,0.2865333
225,../HiDream-I1/output/full/image_898.png,0.28959388
225,../HiDream-I1/output/full/image_899.png,0.27954218
225,../HiDream-I1/output/full/image_900.png,0.27663565
226,../HiDream-I1/output/full/image_901.png,0.30325595
226,../HiDream-I1/output/full/image_902.png,0.30272937
226,../HiDream-I1/output/full/image_903.png,0.30713645
226,../HiDream-I1/output/full/image_904.png,0.3114225
227,../HiDream-I1/output/full/image_905.png,0.30400822
227,../HiDream-I1/output/full/image_906.png,0.2992971
227,../HiDream-I1/output/full/image_907.png,0.3019149
227,../HiDream-I1/output/full/image_908.png,0.3172259
228,../HiDream-I1/output/full/image_909.png,0.30863225
228,../HiDream-I1/output/full/image_910.png,0.30548206
228,../HiDream-I1/output/full/image_911.png,0.28624874
228,../HiDream-I1/output/full/image_912.png,0.2972538
229,../HiDream-I1/output/full/image_913.png,0.32943356
229,../HiDream-I1/output/full/image_914.png,0.32548314
229,../HiDream-I1/output/full/image_915.png,0.30357563
229,../HiDream-I1/output/full/image_916.png,0.32917476
230,../HiDream-I1/output/full/image_917.png,0.31957757
230,../HiDream-I1/output/full/image_918.png,0.3284741
230,../HiDream-I1/output/full/image_919.png,0.31744048
230,../HiDream-I1/output/full/image_920.png,0.3219712
231,../HiDream-I1/output/full/image_921.png,0.27795124
231,../HiDream-I1/output/full/image_922.png,0.2716668
231,../HiDream-I1/output/full/image_923.png,0.27874568
231,../HiDream-I1/output/full/image_924.png,0.28373823
232,../HiDream-I1/output/full/image_925.png,0.25978604
232,../HiDream-I1/output/full/image_926.png,0.27873158
232,../HiDream-I1/output/full/image_927.png,0.29080954
232,../HiDream-I1/output/full/image_928.png,0.28211704
233,../HiDream-I1/output/full/image_929.png,0.33396897
233,../HiDream-I1/output/full/image_930.png,0.3425302
233,../HiDream-I1/output/full/image_931.png,0.34826428
233,../HiDream-I1/output/full/image_932.png,0.33786488
234,../HiDream-I1/output/full/image_933.png,0.39389563
234,../HiDream-I1/output/full/image_934.png,0.3843321
234,../HiDream-I1/output/full/image_935.png,0.40424785
234,../HiDream-I1/output/full/image_936.png,0.3985819
235,../HiDream-I1/output/full/image_937.png,0.31887162
235,../HiDream-I1/output/full/image_938.png,0.32705316
235,../HiDream-I1/output/full/image_939.png,0.31891787
235,../HiDream-I1/output/full/image_940.png,0.30074093
236,../HiDream-I1/output/full/image_941.png,0.28161302
236,../HiDream-I1/output/full/image_942.png,0.24051659
236,../HiDream-I1/output/full/image_943.png,0.24634476
236,../HiDream-I1/output/full/image_944.png,0.23192698
237,../HiDream-I1/output/full/image_945.png,0.3165197
237,../HiDream-I1/output/full/image_946.png,0.30261758
237,../HiDream-I1/output/full/image_947.png,0.31389907
237,../HiDream-I1/output/full/image_948.png,0.3107067
238,../HiDream-I1/output/full/image_949.png,0.2782953
238,../HiDream-I1/output/full/image_950.png,0.27489898
238,../HiDream-I1/output/full/image_951.png,0.2740156
238,../HiDream-I1/output/full/image_952.png,0.29337448
239,../HiDream-I1/output/full/image_953.png,0.30189273
239,../HiDream-I1/output/full/image_954.png,0.29050907
239,../HiDream-I1/output/full/image_955.png,0.31034595
239,../HiDream-I1/output/full/image_956.png,0.29984167
240,../HiDream-I1/output/full/image_957.png,0.31431562
240,../HiDream-I1/output/full/image_958.png,0.3248741
240,../HiDream-I1/output/full/image_959.png,0.3168006
240,../HiDream-I1/output/full/image_960.png,0.31980652
241,../HiDream-I1/output/full/image_961.png,0.26990932
241,../HiDream-I1/output/full/image_962.png,0.22308585
241,../HiDream-I1/output/full/image_963.png,0.2861549
241,../HiDream-I1/output/full/image_964.png,0.29424638
242,../HiDream-I1/output/full/image_965.png,0.29845646
242,../HiDream-I1/output/full/image_966.png,0.28241843
242,../HiDream-I1/output/full/image_967.png,0.29275352
242,../HiDream-I1/output/full/image_968.png,0.29057452
243,../HiDream-I1/output/full/image_969.png,0.35876626
243,../HiDream-I1/output/full/image_970.png,0.3538449
243,../HiDream-I1/output/full/image_971.png,0.34624806
243,../HiDream-I1/output/full/image_972.png,0.3387384
244,../HiDream-I1/output/full/image_973.png,0.29389256
244,../HiDream-I1/output/full/image_974.png,0.29537383
244,../HiDream-I1/output/full/image_975.png,0.29978532
244,../HiDream-I1/output/full/image_976.png,0.2975689
245,../HiDream-I1/output/full/image_977.png,0.36384162
245,../HiDream-I1/output/full/image_978.png,0.321087
245,../HiDream-I1/output/full/image_979.png,0.35268998
245,../HiDream-I1/output/full/image_980.png,0.3610781
246,../HiDream-I1/output/full/image_981.png,0.34141147
246,../HiDream-I1/output/full/image_982.png,0.33784014
246,../HiDream-I1/output/full/image_983.png,0.33064705
246,../HiDream-I1/output/full/image_984.png,0.3347386
247,../HiDream-I1/output/full/image_985.png,0.32120404
247,../HiDream-I1/output/full/image_986.png,0.33696243
247,../HiDream-I1/output/full/image_987.png,0.33620533
247,../HiDream-I1/output/full/image_988.png,0.3374627
248,../HiDream-I1/output/full/image_989.png,0.35738716
248,../HiDream-I1/output/full/image_990.png,0.3411392
248,../HiDream-I1/output/full/image_991.png,0.35066593
248,../HiDream-I1/output/full/image_992.png,0.3484354
249,../HiDream-I1/output/full/image_993.png,0.32823834
249,../HiDream-I1/output/full/image_994.png,0.31629992
249,../HiDream-I1/output/full/image_995.png,0.32434526
249,../HiDream-I1/output/full/image_996.png,0.32073
250,../HiDream-I1/output/full/image_997.png,0.30215642
250,../HiDream-I1/output/full/image_998.png,0.30401197
250,../HiDream-I1/output/full/image_999.png,0.30083796
250,../HiDream-I1/output/full/image_1000.png,0.31722444
