prompt_index,image_path,imagereward_score
1,../HiDream-I1/output/full/image_1.png,1.667941689491272
1,../HiDream-I1/output/full/image_2.png,1.5625181198120117
1,../HiDream-I1/output/full/image_3.png,1.6193950176239014
1,../HiDream-I1/output/full/image_4.png,1.4638410806655884
2,../HiDream-I1/output/full/image_5.png,1.7338825464248657
2,../HiDream-I1/output/full/image_6.png,1.731386423110962
2,../HiDream-I1/output/full/image_7.png,1.7224940061569214
2,../HiDream-I1/output/full/image_8.png,1.701472520828247
3,../HiDream-I1/output/full/image_9.png,1.6172502040863037
3,../HiDream-I1/output/full/image_10.png,1.4575932025909424
3,../HiDream-I1/output/full/image_11.png,1.712133526802063
3,../HiDream-I1/output/full/image_12.png,1.5269145965576172
4,../HiDream-I1/output/full/image_13.png,0.6627522110939026
4,../HiDream-I1/output/full/image_14.png,0.759469747543335
4,../HiDream-I1/output/full/image_15.png,0.43976250290870667
4,../HiDream-I1/output/full/image_16.png,0.49350738525390625
5,../HiDream-I1/output/full/image_17.png,1.7481895685195923
5,../HiDream-I1/output/full/image_18.png,1.2037463188171387
5,../HiDream-I1/output/full/image_19.png,1.446059226989746
5,../HiDream-I1/output/full/image_20.png,1.7506232261657715
6,../HiDream-I1/output/full/image_21.png,0.3819708824157715
6,../HiDream-I1/output/full/image_22.png,0.2610660195350647
6,../HiDream-I1/output/full/image_23.png,0.5283018350601196
6,../HiDream-I1/output/full/image_24.png,0.8948106169700623
7,../HiDream-I1/output/full/image_25.png,1.3603620529174805
7,../HiDream-I1/output/full/image_26.png,1.5090742111206055
7,../HiDream-I1/output/full/image_27.png,1.1049082279205322
7,../HiDream-I1/output/full/image_28.png,1.6158159971237183
8,../HiDream-I1/output/full/image_29.png,1.021712064743042
8,../HiDream-I1/output/full/image_30.png,0.9173424243927002
8,../HiDream-I1/output/full/image_31.png,0.4438396096229553
8,../HiDream-I1/output/full/image_32.png,0.8155913352966309
9,../HiDream-I1/output/full/image_33.png,1.4011785984039307
9,../HiDream-I1/output/full/image_34.png,1.3284116983413696
9,../HiDream-I1/output/full/image_35.png,0.973497211933136
9,../HiDream-I1/output/full/image_36.png,0.8172070384025574
10,../HiDream-I1/output/full/image_37.png,1.667941689491272
10,../HiDream-I1/output/full/image_38.png,1.5625181198120117
10,../HiDream-I1/output/full/image_39.png,1.6193950176239014
10,../HiDream-I1/output/full/image_40.png,1.4638410806655884
11,../HiDream-I1/output/full/image_41.png,0.9232463836669922
11,../HiDream-I1/output/full/image_42.png,1.1316659450531006
11,../HiDream-I1/output/full/image_43.png,0.9790824055671692
11,../HiDream-I1/output/full/image_44.png,1.1957021951675415
12,../HiDream-I1/output/full/image_45.png,1.2292488813400269
12,../HiDream-I1/output/full/image_46.png,0.6176301836967468
12,../HiDream-I1/output/full/image_47.png,0.6202988624572754
12,../HiDream-I1/output/full/image_48.png,0.9828529357910156
13,../HiDream-I1/output/full/image_49.png,1.7653781175613403
13,../HiDream-I1/output/full/image_50.png,1.8275681734085083
13,../HiDream-I1/output/full/image_51.png,1.8075528144836426
13,../HiDream-I1/output/full/image_52.png,1.8077939748764038
14,../HiDream-I1/output/full/image_53.png,1.7827438116073608
14,../HiDream-I1/output/full/image_54.png,1.8037278652191162
14,../HiDream-I1/output/full/image_55.png,1.8673458099365234
14,../HiDream-I1/output/full/image_56.png,1.848745584487915
15,../HiDream-I1/output/full/image_57.png,0.8939944505691528
15,../HiDream-I1/output/full/image_58.png,0.5954257845878601
15,../HiDream-I1/output/full/image_59.png,0.7159681916236877
15,../HiDream-I1/output/full/image_60.png,0.6050718426704407
16,../HiDream-I1/output/full/image_61.png,0.6039155125617981
16,../HiDream-I1/output/full/image_62.png,0.4559766948223114
16,../HiDream-I1/output/full/image_63.png,0.4354787766933441
16,../HiDream-I1/output/full/image_64.png,0.6034964919090271
17,../HiDream-I1/output/full/image_65.png,0.7056455612182617
17,../HiDream-I1/output/full/image_66.png,1.0266448259353638
17,../HiDream-I1/output/full/image_67.png,0.8311036825180054
17,../HiDream-I1/output/full/image_68.png,0.9048564434051514
18,../HiDream-I1/output/full/image_69.png,1.786840558052063
18,../HiDream-I1/output/full/image_70.png,1.8066954612731934
18,../HiDream-I1/output/full/image_71.png,1.8164397478103638
18,../HiDream-I1/output/full/image_72.png,1.788710594177246
19,../HiDream-I1/output/full/image_73.png,0.721215009689331
19,../HiDream-I1/output/full/image_74.png,0.9412948489189148
19,../HiDream-I1/output/full/image_75.png,0.8949543833732605
19,../HiDream-I1/output/full/image_76.png,1.4098464250564575
20,../HiDream-I1/output/full/image_77.png,1.7164053916931152
20,../HiDream-I1/output/full/image_78.png,1.8396787643432617
20,../HiDream-I1/output/full/image_79.png,1.6768672466278076
20,../HiDream-I1/output/full/image_80.png,1.8353389501571655
21,../HiDream-I1/output/full/image_81.png,0.5819963216781616
21,../HiDream-I1/output/full/image_82.png,0.7946537733078003
21,../HiDream-I1/output/full/image_83.png,0.8055787682533264
21,../HiDream-I1/output/full/image_84.png,0.9346814155578613
22,../HiDream-I1/output/full/image_85.png,1.9108388423919678
22,../HiDream-I1/output/full/image_86.png,1.7580997943878174
22,../HiDream-I1/output/full/image_87.png,1.4237149953842163
22,../HiDream-I1/output/full/image_88.png,1.9181561470031738
23,../HiDream-I1/output/full/image_89.png,1.813536524772644
23,../HiDream-I1/output/full/image_90.png,1.5348782539367676
23,../HiDream-I1/output/full/image_91.png,0.9562314748764038
23,../HiDream-I1/output/full/image_92.png,1.8184343576431274
24,../HiDream-I1/output/full/image_93.png,0.994750440120697
24,../HiDream-I1/output/full/image_94.png,0.4628237187862396
24,../HiDream-I1/output/full/image_95.png,1.159153699874878
24,../HiDream-I1/output/full/image_96.png,1.016192078590393
25,../HiDream-I1/output/full/image_97.png,0.5651105642318726
25,../HiDream-I1/output/full/image_98.png,0.6643229722976685
25,../HiDream-I1/output/full/image_99.png,0.3493960201740265
25,../HiDream-I1/output/full/image_100.png,0.675733745098114
26,../HiDream-I1/output/full/image_101.png,0.4171822667121887
26,../HiDream-I1/output/full/image_102.png,0.0016728665214031935
26,../HiDream-I1/output/full/image_103.png,-0.12338927388191223
26,../HiDream-I1/output/full/image_104.png,-0.2167387306690216
27,../HiDream-I1/output/full/image_105.png,1.0346217155456543
27,../HiDream-I1/output/full/image_106.png,0.4129020571708679
27,../HiDream-I1/output/full/image_107.png,0.8621008992195129
27,../HiDream-I1/output/full/image_108.png,0.984603226184845
28,../HiDream-I1/output/full/image_109.png,1.3220956325531006
28,../HiDream-I1/output/full/image_110.png,1.3261579275131226
28,../HiDream-I1/output/full/image_111.png,1.108249306678772
28,../HiDream-I1/output/full/image_112.png,1.123414397239685
29,../HiDream-I1/output/full/image_113.png,0.46937093138694763
29,../HiDream-I1/output/full/image_114.png,0.5760729908943176
29,../HiDream-I1/output/full/image_115.png,0.8043649196624756
29,../HiDream-I1/output/full/image_116.png,0.5449302792549133
30,../HiDream-I1/output/full/image_117.png,0.8810209631919861
30,../HiDream-I1/output/full/image_118.png,0.9898138046264648
30,../HiDream-I1/output/full/image_119.png,1.1576743125915527
30,../HiDream-I1/output/full/image_120.png,1.1573060750961304
31,../HiDream-I1/output/full/image_121.png,0.7032573819160461
31,../HiDream-I1/output/full/image_122.png,0.75197434425354
31,../HiDream-I1/output/full/image_123.png,0.875216007232666
31,../HiDream-I1/output/full/image_124.png,0.8536122441291809
32,../HiDream-I1/output/full/image_125.png,1.9069480895996094
32,../HiDream-I1/output/full/image_126.png,1.8587473630905151
32,../HiDream-I1/output/full/image_127.png,1.901435136795044
32,../HiDream-I1/output/full/image_128.png,1.8884556293487549
33,../HiDream-I1/output/full/image_129.png,0.971437931060791
33,../HiDream-I1/output/full/image_130.png,0.44428566098213196
33,../HiDream-I1/output/full/image_131.png,0.45832738280296326
33,../HiDream-I1/output/full/image_132.png,0.44597822427749634
34,../HiDream-I1/output/full/image_133.png,0.43633541464805603
34,../HiDream-I1/output/full/image_134.png,0.5183807611465454
34,../HiDream-I1/output/full/image_135.png,0.7677581906318665
34,../HiDream-I1/output/full/image_136.png,0.6421889066696167
35,../HiDream-I1/output/full/image_137.png,0.48694783449172974
35,../HiDream-I1/output/full/image_138.png,0.763122022151947
35,../HiDream-I1/output/full/image_139.png,0.7447468042373657
35,../HiDream-I1/output/full/image_140.png,0.5586235523223877
36,../HiDream-I1/output/full/image_141.png,1.6063510179519653
36,../HiDream-I1/output/full/image_142.png,1.6525111198425293
36,../HiDream-I1/output/full/image_143.png,1.6723450422286987
36,../HiDream-I1/output/full/image_144.png,1.8161160945892334
37,../HiDream-I1/output/full/image_145.png,1.6735025644302368
37,../HiDream-I1/output/full/image_146.png,1.5120307207107544
37,../HiDream-I1/output/full/image_147.png,1.69437575340271
37,../HiDream-I1/output/full/image_148.png,1.756163239479065
38,../HiDream-I1/output/full/image_149.png,-0.5511029362678528
38,../HiDream-I1/output/full/image_150.png,-1.3601855039596558
38,../HiDream-I1/output/full/image_151.png,-1.1465314626693726
38,../HiDream-I1/output/full/image_152.png,-0.8068722486495972
39,../HiDream-I1/output/full/image_153.png,1.2478960752487183
39,../HiDream-I1/output/full/image_154.png,1.2991225719451904
39,../HiDream-I1/output/full/image_155.png,1.0937272310256958
39,../HiDream-I1/output/full/image_156.png,1.294806957244873
40,../HiDream-I1/output/full/image_157.png,-0.12078046053647995
40,../HiDream-I1/output/full/image_158.png,0.042253438383340836
40,../HiDream-I1/output/full/image_159.png,-0.21580113470554352
40,../HiDream-I1/output/full/image_160.png,-0.030115822330117226
41,../HiDream-I1/output/full/image_161.png,-0.03329257667064667
41,../HiDream-I1/output/full/image_162.png,1.275736689567566
41,../HiDream-I1/output/full/image_163.png,1.461683750152588
41,../HiDream-I1/output/full/image_164.png,1.2132872343063354
42,../HiDream-I1/output/full/image_165.png,1.4642252922058105
42,../HiDream-I1/output/full/image_166.png,1.582755208015442
42,../HiDream-I1/output/full/image_167.png,1.4968407154083252
42,../HiDream-I1/output/full/image_168.png,1.4721088409423828
43,../HiDream-I1/output/full/image_169.png,1.850579857826233
43,../HiDream-I1/output/full/image_170.png,1.8905799388885498
43,../HiDream-I1/output/full/image_171.png,1.833986520767212
43,../HiDream-I1/output/full/image_172.png,1.814675211906433
44,../HiDream-I1/output/full/image_173.png,0.5103800296783447
44,../HiDream-I1/output/full/image_174.png,0.22976262867450714
44,../HiDream-I1/output/full/image_175.png,0.5839954018592834
44,../HiDream-I1/output/full/image_176.png,0.4222733974456787
45,../HiDream-I1/output/full/image_177.png,0.6007266640663147
45,../HiDream-I1/output/full/image_178.png,0.46273720264434814
45,../HiDream-I1/output/full/image_179.png,0.45058658719062805
45,../HiDream-I1/output/full/image_180.png,0.36423778533935547
46,../HiDream-I1/output/full/image_181.png,1.6823996305465698
46,../HiDream-I1/output/full/image_182.png,1.664167046546936
46,../HiDream-I1/output/full/image_183.png,1.7197140455245972
46,../HiDream-I1/output/full/image_184.png,1.7493199110031128
47,../HiDream-I1/output/full/image_185.png,1.065077543258667
47,../HiDream-I1/output/full/image_186.png,1.8154218196868896
47,../HiDream-I1/output/full/image_187.png,1.7257449626922607
47,../HiDream-I1/output/full/image_188.png,1.7529301643371582
48,../HiDream-I1/output/full/image_189.png,1.8144395351409912
48,../HiDream-I1/output/full/image_190.png,1.749393105506897
48,../HiDream-I1/output/full/image_191.png,1.8743669986724854
48,../HiDream-I1/output/full/image_192.png,1.8599658012390137
49,../HiDream-I1/output/full/image_193.png,1.5453333854675293
49,../HiDream-I1/output/full/image_194.png,1.424360752105713
49,../HiDream-I1/output/full/image_195.png,1.6070749759674072
49,../HiDream-I1/output/full/image_196.png,1.6789882183074951
50,../HiDream-I1/output/full/image_197.png,1.0515416860580444
50,../HiDream-I1/output/full/image_198.png,1.0889214277267456
50,../HiDream-I1/output/full/image_199.png,1.3460041284561157
50,../HiDream-I1/output/full/image_200.png,0.6624565124511719
51,../HiDream-I1/output/full/image_201.png,1.9341304302215576
51,../HiDream-I1/output/full/image_202.png,1.9155834913253784
51,../HiDream-I1/output/full/image_203.png,1.957863450050354
51,../HiDream-I1/output/full/image_204.png,1.9470304250717163
52,../HiDream-I1/output/full/image_205.png,1.9276952743530273
52,../HiDream-I1/output/full/image_206.png,1.8262587785720825
52,../HiDream-I1/output/full/image_207.png,1.9202202558517456
52,../HiDream-I1/output/full/image_208.png,1.914914846420288
53,../HiDream-I1/output/full/image_209.png,1.2607156038284302
53,../HiDream-I1/output/full/image_210.png,1.0706549882888794
53,../HiDream-I1/output/full/image_211.png,1.1004321575164795
53,../HiDream-I1/output/full/image_212.png,1.0678788423538208
54,../HiDream-I1/output/full/image_213.png,1.2707550525665283
54,../HiDream-I1/output/full/image_214.png,1.3236033916473389
54,../HiDream-I1/output/full/image_215.png,1.399512529373169
54,../HiDream-I1/output/full/image_216.png,1.1931968927383423
55,../HiDream-I1/output/full/image_217.png,1.452175498008728
55,../HiDream-I1/output/full/image_218.png,1.4694186449050903
55,../HiDream-I1/output/full/image_219.png,1.1218222379684448
55,../HiDream-I1/output/full/image_220.png,1.348732829093933
56,../HiDream-I1/output/full/image_221.png,1.9119560718536377
56,../HiDream-I1/output/full/image_222.png,1.8980060815811157
56,../HiDream-I1/output/full/image_223.png,1.95270836353302
56,../HiDream-I1/output/full/image_224.png,1.8283389806747437
57,../HiDream-I1/output/full/image_225.png,1.685444951057434
57,../HiDream-I1/output/full/image_226.png,1.6892879009246826
57,../HiDream-I1/output/full/image_227.png,1.65890371799469
57,../HiDream-I1/output/full/image_228.png,1.7704206705093384
58,../HiDream-I1/output/full/image_229.png,1.8404911756515503
58,../HiDream-I1/output/full/image_230.png,1.6515239477157593
58,../HiDream-I1/output/full/image_231.png,1.4680225849151611
58,../HiDream-I1/output/full/image_232.png,1.78499174118042
59,../HiDream-I1/output/full/image_233.png,1.8012895584106445
59,../HiDream-I1/output/full/image_234.png,1.4889214038848877
59,../HiDream-I1/output/full/image_235.png,1.6618976593017578
59,../HiDream-I1/output/full/image_236.png,1.519059419631958
60,../HiDream-I1/output/full/image_237.png,1.792484164237976
60,../HiDream-I1/output/full/image_238.png,1.8847463130950928
60,../HiDream-I1/output/full/image_239.png,1.8326081037521362
60,../HiDream-I1/output/full/image_240.png,1.902438998222351
61,../HiDream-I1/output/full/image_241.png,1.3124192953109741
61,../HiDream-I1/output/full/image_242.png,1.3522623777389526
61,../HiDream-I1/output/full/image_243.png,1.1489291191101074
61,../HiDream-I1/output/full/image_244.png,1.0273805856704712
62,../HiDream-I1/output/full/image_245.png,1.9287701845169067
62,../HiDream-I1/output/full/image_246.png,1.4162849187850952
62,../HiDream-I1/output/full/image_247.png,1.9640785455703735
62,../HiDream-I1/output/full/image_248.png,1.7420475482940674
63,../HiDream-I1/output/full/image_249.png,1.8761385679244995
63,../HiDream-I1/output/full/image_250.png,1.8466054201126099
63,../HiDream-I1/output/full/image_251.png,1.7910619974136353
63,../HiDream-I1/output/full/image_252.png,1.9176907539367676
64,../HiDream-I1/output/full/image_253.png,1.8300750255584717
64,../HiDream-I1/output/full/image_254.png,1.7710535526275635
64,../HiDream-I1/output/full/image_255.png,1.8179011344909668
64,../HiDream-I1/output/full/image_256.png,1.7976362705230713
65,../HiDream-I1/output/full/image_257.png,1.800360918045044
65,../HiDream-I1/output/full/image_258.png,1.8800302743911743
65,../HiDream-I1/output/full/image_259.png,1.8375152349472046
65,../HiDream-I1/output/full/image_260.png,1.8912290334701538
66,../HiDream-I1/output/full/image_261.png,1.3161529302597046
66,../HiDream-I1/output/full/image_262.png,1.594089150428772
66,../HiDream-I1/output/full/image_263.png,1.4011480808258057
66,../HiDream-I1/output/full/image_264.png,1.266252040863037
67,../HiDream-I1/output/full/image_265.png,1.7698161602020264
67,../HiDream-I1/output/full/image_266.png,1.5778135061264038
67,../HiDream-I1/output/full/image_267.png,1.073788046836853
67,../HiDream-I1/output/full/image_268.png,1.7865484952926636
68,../HiDream-I1/output/full/image_269.png,1.6849746704101562
68,../HiDream-I1/output/full/image_270.png,1.581406831741333
68,../HiDream-I1/output/full/image_271.png,1.7925240993499756
68,../HiDream-I1/output/full/image_272.png,1.5733925104141235
69,../HiDream-I1/output/full/image_273.png,1.85546875
69,../HiDream-I1/output/full/image_274.png,1.887144684791565
69,../HiDream-I1/output/full/image_275.png,1.8243361711502075
69,../HiDream-I1/output/full/image_276.png,1.8009132146835327
70,../HiDream-I1/output/full/image_277.png,1.141027569770813
70,../HiDream-I1/output/full/image_278.png,-0.11156748235225677
70,../HiDream-I1/output/full/image_279.png,0.9788442850112915
70,../HiDream-I1/output/full/image_280.png,1.2559092044830322
71,../HiDream-I1/output/full/image_281.png,1.722474455833435
71,../HiDream-I1/output/full/image_282.png,1.7208813428878784
71,../HiDream-I1/output/full/image_283.png,1.83447265625
71,../HiDream-I1/output/full/image_284.png,1.7943830490112305
72,../HiDream-I1/output/full/image_285.png,1.7115991115570068
72,../HiDream-I1/output/full/image_286.png,1.7557322978973389
72,../HiDream-I1/output/full/image_287.png,1.888350248336792
72,../HiDream-I1/output/full/image_288.png,1.530474305152893
73,../HiDream-I1/output/full/image_289.png,1.310807466506958
73,../HiDream-I1/output/full/image_290.png,1.7504702806472778
73,../HiDream-I1/output/full/image_291.png,1.9302971363067627
73,../HiDream-I1/output/full/image_292.png,1.8715461492538452
74,../HiDream-I1/output/full/image_293.png,0.9581436514854431
74,../HiDream-I1/output/full/image_294.png,0.8784323930740356
74,../HiDream-I1/output/full/image_295.png,0.6069891452789307
74,../HiDream-I1/output/full/image_296.png,0.6477012038230896
75,../HiDream-I1/output/full/image_297.png,1.7777162790298462
75,../HiDream-I1/output/full/image_298.png,1.697340726852417
75,../HiDream-I1/output/full/image_299.png,1.6920777559280396
75,../HiDream-I1/output/full/image_300.png,1.606972098350525
76,../HiDream-I1/output/full/image_301.png,1.4707212448120117
76,../HiDream-I1/output/full/image_302.png,1.017676830291748
76,../HiDream-I1/output/full/image_303.png,1.3655561208724976
76,../HiDream-I1/output/full/image_304.png,1.339131236076355
77,../HiDream-I1/output/full/image_305.png,1.8849318027496338
77,../HiDream-I1/output/full/image_306.png,1.91676664352417
77,../HiDream-I1/output/full/image_307.png,1.9340832233428955
77,../HiDream-I1/output/full/image_308.png,1.9305464029312134
78,../HiDream-I1/output/full/image_309.png,0.9029538035392761
78,../HiDream-I1/output/full/image_310.png,0.7350378036499023
78,../HiDream-I1/output/full/image_311.png,0.9468250870704651
78,../HiDream-I1/output/full/image_312.png,0.7616918087005615
79,../HiDream-I1/output/full/image_313.png,1.6852110624313354
79,../HiDream-I1/output/full/image_314.png,1.8223966360092163
79,../HiDream-I1/output/full/image_315.png,1.7753859758377075
79,../HiDream-I1/output/full/image_316.png,1.589246392250061
80,../HiDream-I1/output/full/image_317.png,1.1794546842575073
80,../HiDream-I1/output/full/image_318.png,1.2002934217453003
80,../HiDream-I1/output/full/image_319.png,1.7652817964553833
80,../HiDream-I1/output/full/image_320.png,1.4653373956680298
81,../HiDream-I1/output/full/image_321.png,1.4116129875183105
81,../HiDream-I1/output/full/image_322.png,1.8002657890319824
81,../HiDream-I1/output/full/image_323.png,1.6873513460159302
81,../HiDream-I1/output/full/image_324.png,1.317301869392395
82,../HiDream-I1/output/full/image_325.png,0.9360660910606384
82,../HiDream-I1/output/full/image_326.png,1.309388518333435
82,../HiDream-I1/output/full/image_327.png,0.5824270248413086
82,../HiDream-I1/output/full/image_328.png,0.7498403787612915
83,../HiDream-I1/output/full/image_329.png,1.3944263458251953
83,../HiDream-I1/output/full/image_330.png,1.4283127784729004
83,../HiDream-I1/output/full/image_331.png,1.4089267253875732
83,../HiDream-I1/output/full/image_332.png,0.8844453692436218
84,../HiDream-I1/output/full/image_333.png,1.8213701248168945
84,../HiDream-I1/output/full/image_334.png,1.7699525356292725
84,../HiDream-I1/output/full/image_335.png,1.7900010347366333
84,../HiDream-I1/output/full/image_336.png,1.8464537858963013
85,../HiDream-I1/output/full/image_337.png,1.5577985048294067
85,../HiDream-I1/output/full/image_338.png,1.000250220298767
85,../HiDream-I1/output/full/image_339.png,1.1036481857299805
85,../HiDream-I1/output/full/image_340.png,1.3339499235153198
86,../HiDream-I1/output/full/image_341.png,1.1505709886550903
86,../HiDream-I1/output/full/image_342.png,1.371048092842102
86,../HiDream-I1/output/full/image_343.png,1.7605929374694824
86,../HiDream-I1/output/full/image_344.png,1.631787657737732
87,../HiDream-I1/output/full/image_345.png,-0.8426123857498169
87,../HiDream-I1/output/full/image_346.png,-1.0599597692489624
87,../HiDream-I1/output/full/image_347.png,-0.5759789347648621
87,../HiDream-I1/output/full/image_348.png,-0.4656267762184143
88,../HiDream-I1/output/full/image_349.png,1.7504643201828003
88,../HiDream-I1/output/full/image_350.png,-0.920801043510437
88,../HiDream-I1/output/full/image_351.png,1.8119316101074219
88,../HiDream-I1/output/full/image_352.png,1.794913649559021
89,../HiDream-I1/output/full/image_353.png,-0.05352973937988281
89,../HiDream-I1/output/full/image_354.png,-0.12705665826797485
89,../HiDream-I1/output/full/image_355.png,-0.2053045630455017
89,../HiDream-I1/output/full/image_356.png,-0.0038367474917322397
90,../HiDream-I1/output/full/image_357.png,0.5995150208473206
90,../HiDream-I1/output/full/image_358.png,1.2199758291244507
90,../HiDream-I1/output/full/image_359.png,0.4731086790561676
90,../HiDream-I1/output/full/image_360.png,0.2061789631843567
91,../HiDream-I1/output/full/image_361.png,0.9701135754585266
91,../HiDream-I1/output/full/image_362.png,1.059025526046753
91,../HiDream-I1/output/full/image_363.png,1.2762964963912964
91,../HiDream-I1/output/full/image_364.png,0.7272884845733643
92,../HiDream-I1/output/full/image_365.png,1.4634732007980347
92,../HiDream-I1/output/full/image_366.png,1.6832536458969116
92,../HiDream-I1/output/full/image_367.png,1.7200756072998047
92,../HiDream-I1/output/full/image_368.png,1.7842823266983032
93,../HiDream-I1/output/full/image_369.png,1.302498698234558
93,../HiDream-I1/output/full/image_370.png,1.2134265899658203
93,../HiDream-I1/output/full/image_371.png,0.9297400712966919
93,../HiDream-I1/output/full/image_372.png,1.1852519512176514
94,../HiDream-I1/output/full/image_373.png,1.984523892402649
94,../HiDream-I1/output/full/image_374.png,1.9846773147583008
94,../HiDream-I1/output/full/image_375.png,1.9849181175231934
94,../HiDream-I1/output/full/image_376.png,1.989560604095459
95,../HiDream-I1/output/full/image_377.png,0.8486698865890503
95,../HiDream-I1/output/full/image_378.png,1.4561923742294312
95,../HiDream-I1/output/full/image_379.png,1.4565458297729492
95,../HiDream-I1/output/full/image_380.png,1.0010597705841064
96,../HiDream-I1/output/full/image_381.png,1.9656987190246582
96,../HiDream-I1/output/full/image_382.png,1.9871363639831543
96,../HiDream-I1/output/full/image_383.png,1.9367822408676147
96,../HiDream-I1/output/full/image_384.png,1.9655145406723022
97,../HiDream-I1/output/full/image_385.png,1.7417868375778198
97,../HiDream-I1/output/full/image_386.png,1.7599248886108398
97,../HiDream-I1/output/full/image_387.png,1.7332340478897095
97,../HiDream-I1/output/full/image_388.png,1.8260163068771362
98,../HiDream-I1/output/full/image_389.png,1.8729580640792847
98,../HiDream-I1/output/full/image_390.png,1.7737846374511719
98,../HiDream-I1/output/full/image_391.png,1.8564008474349976
98,../HiDream-I1/output/full/image_392.png,1.8799169063568115
99,../HiDream-I1/output/full/image_393.png,1.7996057271957397
99,../HiDream-I1/output/full/image_394.png,1.3921270370483398
99,../HiDream-I1/output/full/image_395.png,1.2472776174545288
99,../HiDream-I1/output/full/image_396.png,1.8921087980270386
100,../HiDream-I1/output/full/image_397.png,0.8713927268981934
100,../HiDream-I1/output/full/image_398.png,0.6323946118354797
100,../HiDream-I1/output/full/image_399.png,0.7555233240127563
100,../HiDream-I1/output/full/image_400.png,0.973330020904541
101,../HiDream-I1/output/full/image_401.png,0.6071137189865112
101,../HiDream-I1/output/full/image_402.png,0.9029424786567688
101,../HiDream-I1/output/full/image_403.png,0.9570909142494202
101,../HiDream-I1/output/full/image_404.png,1.0325050354003906
102,../HiDream-I1/output/full/image_405.png,1.854141354560852
102,../HiDream-I1/output/full/image_406.png,1.7142646312713623
102,../HiDream-I1/output/full/image_407.png,1.772118330001831
102,../HiDream-I1/output/full/image_408.png,1.8622753620147705
103,../HiDream-I1/output/full/image_409.png,1.8094866275787354
103,../HiDream-I1/output/full/image_410.png,1.6765692234039307
103,../HiDream-I1/output/full/image_411.png,1.8105566501617432
103,../HiDream-I1/output/full/image_412.png,1.857841968536377
104,../HiDream-I1/output/full/image_413.png,-1.1093040704727173
104,../HiDream-I1/output/full/image_414.png,-0.4137307107448578
104,../HiDream-I1/output/full/image_415.png,-1.3696846961975098
104,../HiDream-I1/output/full/image_416.png,-1.423877477645874
105,../HiDream-I1/output/full/image_417.png,1.6796828508377075
105,../HiDream-I1/output/full/image_418.png,1.711307168006897
105,../HiDream-I1/output/full/image_419.png,1.7164043188095093
105,../HiDream-I1/output/full/image_420.png,1.6426644325256348
106,../HiDream-I1/output/full/image_421.png,1.9233546257019043
106,../HiDream-I1/output/full/image_422.png,1.9440308809280396
106,../HiDream-I1/output/full/image_423.png,1.8822708129882812
106,../HiDream-I1/output/full/image_424.png,1.9414154291152954
107,../HiDream-I1/output/full/image_425.png,1.6689138412475586
107,../HiDream-I1/output/full/image_426.png,0.9824135899543762
107,../HiDream-I1/output/full/image_427.png,1.8159047365188599
107,../HiDream-I1/output/full/image_428.png,1.6686557531356812
108,../HiDream-I1/output/full/image_429.png,1.5850720405578613
108,../HiDream-I1/output/full/image_430.png,1.7824091911315918
108,../HiDream-I1/output/full/image_431.png,1.7314624786376953
108,../HiDream-I1/output/full/image_432.png,1.2590786218643188
109,../HiDream-I1/output/full/image_433.png,1.5824856758117676
109,../HiDream-I1/output/full/image_434.png,1.6423312425613403
109,../HiDream-I1/output/full/image_435.png,1.6188437938690186
109,../HiDream-I1/output/full/image_436.png,1.5622812509536743
110,../HiDream-I1/output/full/image_437.png,1.5111089944839478
110,../HiDream-I1/output/full/image_438.png,1.4680907726287842
110,../HiDream-I1/output/full/image_439.png,1.4572311639785767
110,../HiDream-I1/output/full/image_440.png,1.256103515625
111,../HiDream-I1/output/full/image_441.png,0.9225721955299377
111,../HiDream-I1/output/full/image_442.png,0.5872830748558044
111,../HiDream-I1/output/full/image_443.png,0.6922556757926941
111,../HiDream-I1/output/full/image_444.png,0.7404785752296448
112,../HiDream-I1/output/full/image_445.png,0.9992590546607971
112,../HiDream-I1/output/full/image_446.png,0.9084117412567139
112,../HiDream-I1/output/full/image_447.png,1.101136326789856
112,../HiDream-I1/output/full/image_448.png,1.457661509513855
113,../HiDream-I1/output/full/image_449.png,1.153706431388855
113,../HiDream-I1/output/full/image_450.png,0.6360963582992554
113,../HiDream-I1/output/full/image_451.png,0.8967954516410828
113,../HiDream-I1/output/full/image_452.png,0.5562501549720764
114,../HiDream-I1/output/full/image_453.png,1.932470440864563
114,../HiDream-I1/output/full/image_454.png,1.9015235900878906
114,../HiDream-I1/output/full/image_455.png,1.81858229637146
114,../HiDream-I1/output/full/image_456.png,1.8910510540008545
115,../HiDream-I1/output/full/image_457.png,1.9626175165176392
115,../HiDream-I1/output/full/image_458.png,1.8337867259979248
115,../HiDream-I1/output/full/image_459.png,1.977620244026184
115,../HiDream-I1/output/full/image_460.png,1.953194499015808
116,../HiDream-I1/output/full/image_461.png,0.8055312037467957
116,../HiDream-I1/output/full/image_462.png,1.151679277420044
116,../HiDream-I1/output/full/image_463.png,1.5806981325149536
116,../HiDream-I1/output/full/image_464.png,1.45102059841156
117,../HiDream-I1/output/full/image_465.png,1.7660690546035767
117,../HiDream-I1/output/full/image_466.png,0.877176821231842
117,../HiDream-I1/output/full/image_467.png,1.6906771659851074
117,../HiDream-I1/output/full/image_468.png,1.6078518629074097
118,../HiDream-I1/output/full/image_469.png,1.384250521659851
118,../HiDream-I1/output/full/image_470.png,1.106881022453308
118,../HiDream-I1/output/full/image_471.png,1.0618565082550049
118,../HiDream-I1/output/full/image_472.png,1.212491750717163
119,../HiDream-I1/output/full/image_473.png,0.862245500087738
119,../HiDream-I1/output/full/image_474.png,-0.0602831095457077
119,../HiDream-I1/output/full/image_475.png,0.6874902248382568
119,../HiDream-I1/output/full/image_476.png,-0.20837831497192383
120,../HiDream-I1/output/full/image_477.png,-0.7290021777153015
120,../HiDream-I1/output/full/image_478.png,-0.5609644651412964
120,../HiDream-I1/output/full/image_479.png,-0.38085514307022095
120,../HiDream-I1/output/full/image_480.png,-0.5614774823188782
121,../HiDream-I1/output/full/image_481.png,0.4520583152770996
121,../HiDream-I1/output/full/image_482.png,0.772167444229126
121,../HiDream-I1/output/full/image_483.png,0.970878541469574
121,../HiDream-I1/output/full/image_484.png,0.8722750544548035
122,../HiDream-I1/output/full/image_485.png,1.6299688816070557
122,../HiDream-I1/output/full/image_486.png,1.8976109027862549
122,../HiDream-I1/output/full/image_487.png,1.8861497640609741
122,../HiDream-I1/output/full/image_488.png,1.547512412071228
123,../HiDream-I1/output/full/image_489.png,0.45148253440856934
123,../HiDream-I1/output/full/image_490.png,0.13486038148403168
123,../HiDream-I1/output/full/image_491.png,0.2784021496772766
123,../HiDream-I1/output/full/image_492.png,0.4095773994922638
124,../HiDream-I1/output/full/image_493.png,1.322391152381897
124,../HiDream-I1/output/full/image_494.png,0.8106880784034729
124,../HiDream-I1/output/full/image_495.png,1.241935133934021
124,../HiDream-I1/output/full/image_496.png,1.407488226890564
125,../HiDream-I1/output/full/image_497.png,0.5212118029594421
125,../HiDream-I1/output/full/image_498.png,0.15731477737426758
125,../HiDream-I1/output/full/image_499.png,0.40526777505874634
125,../HiDream-I1/output/full/image_500.png,0.6464027166366577
126,../HiDream-I1/output/full/image_501.png,1.9640684127807617
126,../HiDream-I1/output/full/image_502.png,1.9769048690795898
126,../HiDream-I1/output/full/image_503.png,1.9550704956054688
126,../HiDream-I1/output/full/image_504.png,1.9811012744903564
127,../HiDream-I1/output/full/image_505.png,1.412061095237732
127,../HiDream-I1/output/full/image_506.png,1.6391432285308838
127,../HiDream-I1/output/full/image_507.png,1.543053388595581
127,../HiDream-I1/output/full/image_508.png,1.578588843345642
128,../HiDream-I1/output/full/image_509.png,1.1942979097366333
128,../HiDream-I1/output/full/image_510.png,1.8714854717254639
128,../HiDream-I1/output/full/image_511.png,1.5613545179367065
128,../HiDream-I1/output/full/image_512.png,1.7456904649734497
129,../HiDream-I1/output/full/image_513.png,-1.123721718788147
129,../HiDream-I1/output/full/image_514.png,-1.7311049699783325
129,../HiDream-I1/output/full/image_515.png,-1.0790624618530273
129,../HiDream-I1/output/full/image_516.png,-1.5802037715911865
130,../HiDream-I1/output/full/image_517.png,1.7805901765823364
130,../HiDream-I1/output/full/image_518.png,1.6856454610824585
130,../HiDream-I1/output/full/image_519.png,1.8096822500228882
130,../HiDream-I1/output/full/image_520.png,1.8082290887832642
131,../HiDream-I1/output/full/image_521.png,1.8505265712738037
131,../HiDream-I1/output/full/image_522.png,1.843423843383789
131,../HiDream-I1/output/full/image_523.png,1.8924733400344849
131,../HiDream-I1/output/full/image_524.png,1.9276947975158691
132,../HiDream-I1/output/full/image_525.png,0.9570206999778748
132,../HiDream-I1/output/full/image_526.png,0.7236842513084412
132,../HiDream-I1/output/full/image_527.png,1.027262568473816
132,../HiDream-I1/output/full/image_528.png,1.0969889163970947
133,../HiDream-I1/output/full/image_529.png,0.7669439911842346
133,../HiDream-I1/output/full/image_530.png,1.3415457010269165
133,../HiDream-I1/output/full/image_531.png,1.6324785947799683
133,../HiDream-I1/output/full/image_532.png,0.500606119632721
134,../HiDream-I1/output/full/image_533.png,1.83986234664917
134,../HiDream-I1/output/full/image_534.png,1.8336457014083862
134,../HiDream-I1/output/full/image_535.png,1.8049691915512085
134,../HiDream-I1/output/full/image_536.png,1.7475374937057495
135,../HiDream-I1/output/full/image_537.png,1.4061729907989502
135,../HiDream-I1/output/full/image_538.png,1.064047932624817
135,../HiDream-I1/output/full/image_539.png,1.465528130531311
135,../HiDream-I1/output/full/image_540.png,1.3754844665527344
136,../HiDream-I1/output/full/image_541.png,1.3521653413772583
136,../HiDream-I1/output/full/image_542.png,1.1687525510787964
136,../HiDream-I1/output/full/image_543.png,1.1688175201416016
136,../HiDream-I1/output/full/image_544.png,1.3294745683670044
137,../HiDream-I1/output/full/image_545.png,0.3801696002483368
137,../HiDream-I1/output/full/image_546.png,0.9820233583450317
137,../HiDream-I1/output/full/image_547.png,1.4454659223556519
137,../HiDream-I1/output/full/image_548.png,1.1140575408935547
138,../HiDream-I1/output/full/image_549.png,1.7742902040481567
138,../HiDream-I1/output/full/image_550.png,1.5328021049499512
138,../HiDream-I1/output/full/image_551.png,0.9941116571426392
138,../HiDream-I1/output/full/image_552.png,1.650029182434082
139,../HiDream-I1/output/full/image_553.png,1.8311275243759155
139,../HiDream-I1/output/full/image_554.png,1.8611087799072266
139,../HiDream-I1/output/full/image_555.png,1.8652210235595703
139,../HiDream-I1/output/full/image_556.png,1.7408603429794312
140,../HiDream-I1/output/full/image_557.png,1.5606932640075684
140,../HiDream-I1/output/full/image_558.png,1.6763417720794678
140,../HiDream-I1/output/full/image_559.png,1.5063529014587402
140,../HiDream-I1/output/full/image_560.png,1.2093005180358887
141,../HiDream-I1/output/full/image_561.png,0.8540586233139038
141,../HiDream-I1/output/full/image_562.png,1.1864978075027466
141,../HiDream-I1/output/full/image_563.png,0.8030742406845093
141,../HiDream-I1/output/full/image_564.png,0.8582128286361694
142,../HiDream-I1/output/full/image_565.png,1.1479533910751343
142,../HiDream-I1/output/full/image_566.png,1.2898615598678589
142,../HiDream-I1/output/full/image_567.png,-0.2683149576187134
142,../HiDream-I1/output/full/image_568.png,1.1366233825683594
143,../HiDream-I1/output/full/image_569.png,1.2069370746612549
143,../HiDream-I1/output/full/image_570.png,1.3071056604385376
143,../HiDream-I1/output/full/image_571.png,1.5175806283950806
143,../HiDream-I1/output/full/image_572.png,1.2904573678970337
144,../HiDream-I1/output/full/image_573.png,1.5732933282852173
144,../HiDream-I1/output/full/image_574.png,1.5710525512695312
144,../HiDream-I1/output/full/image_575.png,1.5559039115905762
144,../HiDream-I1/output/full/image_576.png,1.4176732301712036
145,../HiDream-I1/output/full/image_577.png,1.5967297554016113
145,../HiDream-I1/output/full/image_578.png,0.566936731338501
145,../HiDream-I1/output/full/image_579.png,0.914336085319519
145,../HiDream-I1/output/full/image_580.png,1.0335817337036133
146,../HiDream-I1/output/full/image_581.png,1.7676464319229126
146,../HiDream-I1/output/full/image_582.png,1.7927956581115723
146,../HiDream-I1/output/full/image_583.png,1.441267490386963
146,../HiDream-I1/output/full/image_584.png,1.5116289854049683
147,../HiDream-I1/output/full/image_585.png,0.8829224705696106
147,../HiDream-I1/output/full/image_586.png,1.0087602138519287
147,../HiDream-I1/output/full/image_587.png,0.8002065420150757
147,../HiDream-I1/output/full/image_588.png,0.8820064663887024
148,../HiDream-I1/output/full/image_589.png,0.09607477486133575
148,../HiDream-I1/output/full/image_590.png,-0.17338179051876068
148,../HiDream-I1/output/full/image_591.png,0.2525375485420227
148,../HiDream-I1/output/full/image_592.png,0.06823284178972244
149,../HiDream-I1/output/full/image_593.png,0.6274112462997437
149,../HiDream-I1/output/full/image_594.png,1.750389814376831
149,../HiDream-I1/output/full/image_595.png,1.6995515823364258
149,../HiDream-I1/output/full/image_596.png,1.7631280422210693
150,../HiDream-I1/output/full/image_597.png,0.8286663889884949
150,../HiDream-I1/output/full/image_598.png,0.828760027885437
150,../HiDream-I1/output/full/image_599.png,1.480615258216858
150,../HiDream-I1/output/full/image_600.png,1.3418399095535278
151,../HiDream-I1/output/full/image_601.png,1.8319981098175049
151,../HiDream-I1/output/full/image_602.png,1.8645809888839722
151,../HiDream-I1/output/full/image_603.png,1.8658504486083984
151,../HiDream-I1/output/full/image_604.png,1.7238656282424927
152,../HiDream-I1/output/full/image_605.png,1.6617153882980347
152,../HiDream-I1/output/full/image_606.png,1.6634609699249268
152,../HiDream-I1/output/full/image_607.png,1.691859483718872
152,../HiDream-I1/output/full/image_608.png,1.7400776147842407
153,../HiDream-I1/output/full/image_609.png,1.3948957920074463
153,../HiDream-I1/output/full/image_610.png,1.2557133436203003
153,../HiDream-I1/output/full/image_611.png,1.1797277927398682
153,../HiDream-I1/output/full/image_612.png,1.550318717956543
154,../HiDream-I1/output/full/image_613.png,1.4849096536636353
154,../HiDream-I1/output/full/image_614.png,1.78830885887146
154,../HiDream-I1/output/full/image_615.png,1.7990312576293945
154,../HiDream-I1/output/full/image_616.png,1.64664888381958
155,../HiDream-I1/output/full/image_617.png,0.1388503611087799
155,../HiDream-I1/output/full/image_618.png,0.4908587634563446
155,../HiDream-I1/output/full/image_619.png,0.05313456058502197
155,../HiDream-I1/output/full/image_620.png,0.5124589204788208
156,../HiDream-I1/output/full/image_621.png,0.5807148814201355
156,../HiDream-I1/output/full/image_622.png,0.6090162396430969
156,../HiDream-I1/output/full/image_623.png,0.334850937128067
156,../HiDream-I1/output/full/image_624.png,0.4555358290672302
157,../HiDream-I1/output/full/image_625.png,0.49507462978363037
157,../HiDream-I1/output/full/image_626.png,1.4644005298614502
157,../HiDream-I1/output/full/image_627.png,1.2916476726531982
157,../HiDream-I1/output/full/image_628.png,1.6319609880447388
158,../HiDream-I1/output/full/image_629.png,1.7383651733398438
158,../HiDream-I1/output/full/image_630.png,0.7387812733650208
158,../HiDream-I1/output/full/image_631.png,1.4988642930984497
158,../HiDream-I1/output/full/image_632.png,1.5801286697387695
159,../HiDream-I1/output/full/image_633.png,1.547551155090332
159,../HiDream-I1/output/full/image_634.png,1.0666651725769043
159,../HiDream-I1/output/full/image_635.png,1.797248125076294
159,../HiDream-I1/output/full/image_636.png,1.7330163717269897
160,../HiDream-I1/output/full/image_637.png,0.16669319570064545
160,../HiDream-I1/output/full/image_638.png,0.011747659184038639
160,../HiDream-I1/output/full/image_639.png,0.3130587637424469
160,../HiDream-I1/output/full/image_640.png,0.03216500207781792
161,../HiDream-I1/output/full/image_641.png,0.0817369818687439
161,../HiDream-I1/output/full/image_642.png,0.11430174112319946
161,../HiDream-I1/output/full/image_643.png,0.14797967672348022
161,../HiDream-I1/output/full/image_644.png,0.11423540860414505
162,../HiDream-I1/output/full/image_645.png,1.4585567712783813
162,../HiDream-I1/output/full/image_646.png,1.2464792728424072
162,../HiDream-I1/output/full/image_647.png,1.474887728691101
162,../HiDream-I1/output/full/image_648.png,1.4103264808654785
163,../HiDream-I1/output/full/image_649.png,1.8410069942474365
163,../HiDream-I1/output/full/image_650.png,1.8368722200393677
163,../HiDream-I1/output/full/image_651.png,1.8300728797912598
163,../HiDream-I1/output/full/image_652.png,1.8154977560043335
164,../HiDream-I1/output/full/image_653.png,1.7369951009750366
164,../HiDream-I1/output/full/image_654.png,1.7863332033157349
164,../HiDream-I1/output/full/image_655.png,1.6530815362930298
164,../HiDream-I1/output/full/image_656.png,1.8955588340759277
165,../HiDream-I1/output/full/image_657.png,1.4417024850845337
165,../HiDream-I1/output/full/image_658.png,1.6756244897842407
165,../HiDream-I1/output/full/image_659.png,1.7247387170791626
165,../HiDream-I1/output/full/image_660.png,1.7343337535858154
166,../HiDream-I1/output/full/image_661.png,1.5949300527572632
166,../HiDream-I1/output/full/image_662.png,1.8409523963928223
166,../HiDream-I1/output/full/image_663.png,1.7422003746032715
166,../HiDream-I1/output/full/image_664.png,1.7547993659973145
167,../HiDream-I1/output/full/image_665.png,1.4203802347183228
167,../HiDream-I1/output/full/image_666.png,0.4263809025287628
167,../HiDream-I1/output/full/image_667.png,1.6712807416915894
167,../HiDream-I1/output/full/image_668.png,0.010080128908157349
168,../HiDream-I1/output/full/image_669.png,1.362510323524475
168,../HiDream-I1/output/full/image_670.png,1.261464238166809
168,../HiDream-I1/output/full/image_671.png,1.1700817346572876
168,../HiDream-I1/output/full/image_672.png,1.346623420715332
169,../HiDream-I1/output/full/image_673.png,1.6606028079986572
169,../HiDream-I1/output/full/image_674.png,1.6538221836090088
169,../HiDream-I1/output/full/image_675.png,1.9161832332611084
169,../HiDream-I1/output/full/image_676.png,1.7302051782608032
170,../HiDream-I1/output/full/image_677.png,1.369135856628418
170,../HiDream-I1/output/full/image_678.png,0.7641839385032654
170,../HiDream-I1/output/full/image_679.png,1.35642671585083
170,../HiDream-I1/output/full/image_680.png,1.2252672910690308
171,../HiDream-I1/output/full/image_681.png,0.9072839617729187
171,../HiDream-I1/output/full/image_682.png,0.5582128763198853
171,../HiDream-I1/output/full/image_683.png,0.5354695320129395
171,../HiDream-I1/output/full/image_684.png,0.7771156430244446
172,../HiDream-I1/output/full/image_685.png,1.8221790790557861
172,../HiDream-I1/output/full/image_686.png,1.7934714555740356
172,../HiDream-I1/output/full/image_687.png,1.9105267524719238
172,../HiDream-I1/output/full/image_688.png,0.21744905412197113
173,../HiDream-I1/output/full/image_689.png,1.6735810041427612
173,../HiDream-I1/output/full/image_690.png,1.6579227447509766
173,../HiDream-I1/output/full/image_691.png,1.6045856475830078
173,../HiDream-I1/output/full/image_692.png,1.568117618560791
174,../HiDream-I1/output/full/image_693.png,1.8205608129501343
174,../HiDream-I1/output/full/image_694.png,1.2493220567703247
174,../HiDream-I1/output/full/image_695.png,1.0831575393676758
174,../HiDream-I1/output/full/image_696.png,1.8371986150741577
175,../HiDream-I1/output/full/image_697.png,1.0782079696655273
175,../HiDream-I1/output/full/image_698.png,1.0352404117584229
175,../HiDream-I1/output/full/image_699.png,0.9330019354820251
175,../HiDream-I1/output/full/image_700.png,0.9788721799850464
176,../HiDream-I1/output/full/image_701.png,1.8625718355178833
176,../HiDream-I1/output/full/image_702.png,1.2281880378723145
176,../HiDream-I1/output/full/image_703.png,1.9434250593185425
176,../HiDream-I1/output/full/image_704.png,1.8840991258621216
177,../HiDream-I1/output/full/image_705.png,0.9946441650390625
177,../HiDream-I1/output/full/image_706.png,0.7857012748718262
177,../HiDream-I1/output/full/image_707.png,0.5862375497817993
177,../HiDream-I1/output/full/image_708.png,1.0884802341461182
178,../HiDream-I1/output/full/image_709.png,0.5511770844459534
178,../HiDream-I1/output/full/image_710.png,0.2007753551006317
178,../HiDream-I1/output/full/image_711.png,0.3624039590358734
178,../HiDream-I1/output/full/image_712.png,0.47426560521125793
179,../HiDream-I1/output/full/image_713.png,0.7365098595619202
179,../HiDream-I1/output/full/image_714.png,0.8149206042289734
179,../HiDream-I1/output/full/image_715.png,0.24706095457077026
179,../HiDream-I1/output/full/image_716.png,0.6012246012687683
180,../HiDream-I1/output/full/image_717.png,1.4693670272827148
180,../HiDream-I1/output/full/image_718.png,1.5960357189178467
180,../HiDream-I1/output/full/image_719.png,0.7844321727752686
180,../HiDream-I1/output/full/image_720.png,1.6478767395019531
181,../HiDream-I1/output/full/image_721.png,0.9401434063911438
181,../HiDream-I1/output/full/image_722.png,1.582278847694397
181,../HiDream-I1/output/full/image_723.png,1.4805318117141724
181,../HiDream-I1/output/full/image_724.png,0.7840778827667236
182,../HiDream-I1/output/full/image_725.png,1.6572779417037964
182,../HiDream-I1/output/full/image_726.png,0.22679618000984192
182,../HiDream-I1/output/full/image_727.png,0.7402952313423157
182,../HiDream-I1/output/full/image_728.png,1.3382055759429932
183,../HiDream-I1/output/full/image_729.png,0.47364264726638794
183,../HiDream-I1/output/full/image_730.png,1.067732572555542
183,../HiDream-I1/output/full/image_731.png,-0.8171471953392029
183,../HiDream-I1/output/full/image_732.png,1.545785665512085
184,../HiDream-I1/output/full/image_733.png,1.187439203262329
184,../HiDream-I1/output/full/image_734.png,1.2225172519683838
184,../HiDream-I1/output/full/image_735.png,0.8233754634857178
184,../HiDream-I1/output/full/image_736.png,1.0608755350112915
185,../HiDream-I1/output/full/image_737.png,1.9042878150939941
185,../HiDream-I1/output/full/image_738.png,1.828001856803894
185,../HiDream-I1/output/full/image_739.png,1.8751076459884644
185,../HiDream-I1/output/full/image_740.png,1.8734016418457031
186,../HiDream-I1/output/full/image_741.png,-0.42619404196739197
186,../HiDream-I1/output/full/image_742.png,-0.9718837141990662
186,../HiDream-I1/output/full/image_743.png,-0.06482506543397903
186,../HiDream-I1/output/full/image_744.png,-0.7231917381286621
187,../HiDream-I1/output/full/image_745.png,1.2953932285308838
187,../HiDream-I1/output/full/image_746.png,1.5554202795028687
187,../HiDream-I1/output/full/image_747.png,1.018236517906189
187,../HiDream-I1/output/full/image_748.png,1.2835590839385986
188,../HiDream-I1/output/full/image_749.png,1.9281567335128784
188,../HiDream-I1/output/full/image_750.png,1.9525138139724731
188,../HiDream-I1/output/full/image_751.png,1.9506620168685913
188,../HiDream-I1/output/full/image_752.png,1.9055712223052979
189,../HiDream-I1/output/full/image_753.png,1.785670280456543
189,../HiDream-I1/output/full/image_754.png,1.827655553817749
189,../HiDream-I1/output/full/image_755.png,1.8738389015197754
189,../HiDream-I1/output/full/image_756.png,1.8779454231262207
190,../HiDream-I1/output/full/image_757.png,0.8245531320571899
190,../HiDream-I1/output/full/image_758.png,1.0567582845687866
190,../HiDream-I1/output/full/image_759.png,1.2117300033569336
190,../HiDream-I1/output/full/image_760.png,0.9215142130851746
191,../HiDream-I1/output/full/image_761.png,1.848480463027954
191,../HiDream-I1/output/full/image_762.png,1.8394687175750732
191,../HiDream-I1/output/full/image_763.png,1.7874702215194702
191,../HiDream-I1/output/full/image_764.png,1.7318116426467896
192,../HiDream-I1/output/full/image_765.png,1.4040113687515259
192,../HiDream-I1/output/full/image_766.png,1.269937515258789
192,../HiDream-I1/output/full/image_767.png,1.192226767539978
192,../HiDream-I1/output/full/image_768.png,1.372277855873108
193,../HiDream-I1/output/full/image_769.png,1.838247537612915
193,../HiDream-I1/output/full/image_770.png,1.876566767692566
193,../HiDream-I1/output/full/image_771.png,1.7973319292068481
193,../HiDream-I1/output/full/image_772.png,1.8830947875976562
194,../HiDream-I1/output/full/image_773.png,0.7594034671783447
194,../HiDream-I1/output/full/image_774.png,0.6100344061851501
194,../HiDream-I1/output/full/image_775.png,1.517529845237732
194,../HiDream-I1/output/full/image_776.png,1.8120850324630737
195,../HiDream-I1/output/full/image_777.png,1.9341950416564941
195,../HiDream-I1/output/full/image_778.png,1.8755587339401245
195,../HiDream-I1/output/full/image_779.png,1.930692434310913
195,../HiDream-I1/output/full/image_780.png,1.951051950454712
196,../HiDream-I1/output/full/image_781.png,1.7136255502700806
196,../HiDream-I1/output/full/image_782.png,1.7378997802734375
196,../HiDream-I1/output/full/image_783.png,1.7972056865692139
196,../HiDream-I1/output/full/image_784.png,1.751387119293213
197,../HiDream-I1/output/full/image_785.png,0.1555381566286087
197,../HiDream-I1/output/full/image_786.png,0.07084207236766815
197,../HiDream-I1/output/full/image_787.png,0.17121265828609467
197,../HiDream-I1/output/full/image_788.png,0.11047125607728958
198,../HiDream-I1/output/full/image_789.png,1.1607145071029663
198,../HiDream-I1/output/full/image_790.png,1.3567132949829102
198,../HiDream-I1/output/full/image_791.png,1.5543841123580933
198,../HiDream-I1/output/full/image_792.png,1.254454493522644
199,../HiDream-I1/output/full/image_793.png,1.6887849569320679
199,../HiDream-I1/output/full/image_794.png,1.553876519203186
199,../HiDream-I1/output/full/image_795.png,1.7003614902496338
199,../HiDream-I1/output/full/image_796.png,1.4866178035736084
200,../HiDream-I1/output/full/image_797.png,1.4808019399642944
200,../HiDream-I1/output/full/image_798.png,1.680199146270752
200,../HiDream-I1/output/full/image_799.png,1.5040806531906128
200,../HiDream-I1/output/full/image_800.png,1.3693081140518188
201,../HiDream-I1/output/full/image_801.png,0.30576860904693604
201,../HiDream-I1/output/full/image_802.png,0.6069406867027283
201,../HiDream-I1/output/full/image_803.png,1.1509188413619995
201,../HiDream-I1/output/full/image_804.png,1.3367960453033447
202,../HiDream-I1/output/full/image_805.png,1.5740100145339966
202,../HiDream-I1/output/full/image_806.png,1.5792983770370483
202,../HiDream-I1/output/full/image_807.png,1.5710411071777344
202,../HiDream-I1/output/full/image_808.png,1.543251633644104
203,../HiDream-I1/output/full/image_809.png,1.1508032083511353
203,../HiDream-I1/output/full/image_810.png,1.315497875213623
203,../HiDream-I1/output/full/image_811.png,1.0715229511260986
203,../HiDream-I1/output/full/image_812.png,1.5401947498321533
204,../HiDream-I1/output/full/image_813.png,0.9787388443946838
204,../HiDream-I1/output/full/image_814.png,1.5350298881530762
204,../HiDream-I1/output/full/image_815.png,1.4860271215438843
204,../HiDream-I1/output/full/image_816.png,1.2541191577911377
205,../HiDream-I1/output/full/image_817.png,0.5361502766609192
205,../HiDream-I1/output/full/image_818.png,1.428346037864685
205,../HiDream-I1/output/full/image_819.png,1.221948504447937
205,../HiDream-I1/output/full/image_820.png,0.5012743473052979
206,../HiDream-I1/output/full/image_821.png,1.6340844631195068
206,../HiDream-I1/output/full/image_822.png,1.7393720149993896
206,../HiDream-I1/output/full/image_823.png,1.6651155948638916
206,../HiDream-I1/output/full/image_824.png,1.2963063716888428
207,../HiDream-I1/output/full/image_825.png,1.907729148864746
207,../HiDream-I1/output/full/image_826.png,1.8957818746566772
207,../HiDream-I1/output/full/image_827.png,1.8914633989334106
207,../HiDream-I1/output/full/image_828.png,1.9039908647537231
208,../HiDream-I1/output/full/image_829.png,1.298625111579895
208,../HiDream-I1/output/full/image_830.png,1.6359659433364868
208,../HiDream-I1/output/full/image_831.png,1.7065961360931396
208,../HiDream-I1/output/full/image_832.png,1.5422841310501099
209,../HiDream-I1/output/full/image_833.png,1.3080966472625732
209,../HiDream-I1/output/full/image_834.png,1.326606035232544
209,../HiDream-I1/output/full/image_835.png,0.5740311145782471
209,../HiDream-I1/output/full/image_836.png,0.8851177096366882
210,../HiDream-I1/output/full/image_837.png,1.2557579278945923
210,../HiDream-I1/output/full/image_838.png,1.6327824592590332
210,../HiDream-I1/output/full/image_839.png,1.5440410375595093
210,../HiDream-I1/output/full/image_840.png,1.6473864316940308
211,../HiDream-I1/output/full/image_841.png,-0.40099120140075684
211,../HiDream-I1/output/full/image_842.png,1.5913628339767456
211,../HiDream-I1/output/full/image_843.png,-1.2378267049789429
211,../HiDream-I1/output/full/image_844.png,-1.3164697885513306
212,../HiDream-I1/output/full/image_845.png,1.6558510065078735
212,../HiDream-I1/output/full/image_846.png,1.7629717588424683
212,../HiDream-I1/output/full/image_847.png,1.5611498355865479
212,../HiDream-I1/output/full/image_848.png,1.5949090719223022
213,../HiDream-I1/output/full/image_849.png,1.7006036043167114
213,../HiDream-I1/output/full/image_850.png,1.781772255897522
213,../HiDream-I1/output/full/image_851.png,1.7562199831008911
213,../HiDream-I1/output/full/image_852.png,1.7334390878677368
214,../HiDream-I1/output/full/image_853.png,1.0091019868850708
214,../HiDream-I1/output/full/image_854.png,1.8254549503326416
214,../HiDream-I1/output/full/image_855.png,1.7819318771362305
214,../HiDream-I1/output/full/image_856.png,1.6402093172073364
215,../HiDream-I1/output/full/image_857.png,0.2912168502807617
215,../HiDream-I1/output/full/image_858.png,-0.05274849385023117
215,../HiDream-I1/output/full/image_859.png,1.6231905221939087
215,../HiDream-I1/output/full/image_860.png,1.914250135421753
216,../HiDream-I1/output/full/image_861.png,0.5408325791358948
216,../HiDream-I1/output/full/image_862.png,0.6513218879699707
216,../HiDream-I1/output/full/image_863.png,0.37526649236679077
216,../HiDream-I1/output/full/image_864.png,0.44967231154441833
217,../HiDream-I1/output/full/image_865.png,0.3414304256439209
217,../HiDream-I1/output/full/image_866.png,0.4461495280265808
217,../HiDream-I1/output/full/image_867.png,0.40001627802848816
217,../HiDream-I1/output/full/image_868.png,0.7042919397354126
218,../HiDream-I1/output/full/image_869.png,0.5366493463516235
218,../HiDream-I1/output/full/image_870.png,0.12118975818157196
218,../HiDream-I1/output/full/image_871.png,1.0276633501052856
218,../HiDream-I1/output/full/image_872.png,0.28766342997550964
219,../HiDream-I1/output/full/image_873.png,1.7667549848556519
219,../HiDream-I1/output/full/image_874.png,1.7004717588424683
219,../HiDream-I1/output/full/image_875.png,1.8062692880630493
219,../HiDream-I1/output/full/image_876.png,1.7382049560546875
220,../HiDream-I1/output/full/image_877.png,1.7463433742523193
220,../HiDream-I1/output/full/image_878.png,1.5994393825531006
220,../HiDream-I1/output/full/image_879.png,1.7438684701919556
220,../HiDream-I1/output/full/image_880.png,1.6663761138916016
221,../HiDream-I1/output/full/image_881.png,1.2426625490188599
221,../HiDream-I1/output/full/image_882.png,1.6132042407989502
221,../HiDream-I1/output/full/image_883.png,1.8017460107803345
221,../HiDream-I1/output/full/image_884.png,1.740498661994934
222,../HiDream-I1/output/full/image_885.png,0.25374314188957214
222,../HiDream-I1/output/full/image_886.png,0.26410171389579773
222,../HiDream-I1/output/full/image_887.png,-0.0026744347997009754
222,../HiDream-I1/output/full/image_888.png,-0.10229484736919403
223,../HiDream-I1/output/full/image_889.png,0.37948325276374817
223,../HiDream-I1/output/full/image_890.png,0.6059275269508362
223,../HiDream-I1/output/full/image_891.png,0.5425450801849365
223,../HiDream-I1/output/full/image_892.png,0.6605563163757324
224,../HiDream-I1/output/full/image_893.png,1.9089542627334595
224,../HiDream-I1/output/full/image_894.png,1.7859548330307007
224,../HiDream-I1/output/full/image_895.png,1.9212017059326172
224,../HiDream-I1/output/full/image_896.png,1.9274502992630005
225,../HiDream-I1/output/full/image_897.png,-0.003690380370244384
225,../HiDream-I1/output/full/image_898.png,0.10439969599246979
225,../HiDream-I1/output/full/image_899.png,-0.056705303490161896
225,../HiDream-I1/output/full/image_900.png,0.06749310344457626
226,../HiDream-I1/output/full/image_901.png,1.506632685661316
226,../HiDream-I1/output/full/image_902.png,1.6027684211730957
226,../HiDream-I1/output/full/image_903.png,1.65181565284729
226,../HiDream-I1/output/full/image_904.png,1.4494655132293701
227,../HiDream-I1/output/full/image_905.png,1.945967197418213
227,../HiDream-I1/output/full/image_906.png,1.9352772235870361
227,../HiDream-I1/output/full/image_907.png,1.8905439376831055
227,../HiDream-I1/output/full/image_908.png,1.9442814588546753
228,../HiDream-I1/output/full/image_909.png,1.2474033832550049
228,../HiDream-I1/output/full/image_910.png,1.0757553577423096
228,../HiDream-I1/output/full/image_911.png,0.2007359117269516
228,../HiDream-I1/output/full/image_912.png,0.5282005667686462
229,../HiDream-I1/output/full/image_913.png,1.1277786493301392
229,../HiDream-I1/output/full/image_914.png,1.1609946489334106
229,../HiDream-I1/output/full/image_915.png,1.0556893348693848
229,../HiDream-I1/output/full/image_916.png,0.9798802137374878
230,../HiDream-I1/output/full/image_917.png,1.1801114082336426
230,../HiDream-I1/output/full/image_918.png,1.1575974225997925
230,../HiDream-I1/output/full/image_919.png,1.184085726737976
230,../HiDream-I1/output/full/image_920.png,1.1821075677871704
231,../HiDream-I1/output/full/image_921.png,1.4419022798538208
231,../HiDream-I1/output/full/image_922.png,1.4172109365463257
231,../HiDream-I1/output/full/image_923.png,1.625999093055725
231,../HiDream-I1/output/full/image_924.png,1.4288907051086426
232,../HiDream-I1/output/full/image_925.png,1.3806188106536865
232,../HiDream-I1/output/full/image_926.png,0.7267916202545166
232,../HiDream-I1/output/full/image_927.png,0.7092912793159485
232,../HiDream-I1/output/full/image_928.png,1.1360588073730469
233,../HiDream-I1/output/full/image_929.png,1.6064770221710205
233,../HiDream-I1/output/full/image_930.png,0.9735687375068665
233,../HiDream-I1/output/full/image_931.png,1.5228886604309082
233,../HiDream-I1/output/full/image_932.png,1.4668184518814087
234,../HiDream-I1/output/full/image_933.png,1.9249639511108398
234,../HiDream-I1/output/full/image_934.png,1.9500925540924072
234,../HiDream-I1/output/full/image_935.png,1.9502723217010498
234,../HiDream-I1/output/full/image_936.png,1.9559571743011475
235,../HiDream-I1/output/full/image_937.png,1.7667814493179321
235,../HiDream-I1/output/full/image_938.png,1.7900047302246094
235,../HiDream-I1/output/full/image_939.png,1.8209211826324463
235,../HiDream-I1/output/full/image_940.png,1.7883660793304443
236,../HiDream-I1/output/full/image_941.png,0.8892651200294495
236,../HiDream-I1/output/full/image_942.png,0.3528780937194824
236,../HiDream-I1/output/full/image_943.png,0.4848453998565674
236,../HiDream-I1/output/full/image_944.png,0.034332286566495895
237,../HiDream-I1/output/full/image_945.png,1.8500584363937378
237,../HiDream-I1/output/full/image_946.png,1.7695351839065552
237,../HiDream-I1/output/full/image_947.png,1.8818951845169067
237,../HiDream-I1/output/full/image_948.png,1.8648579120635986
238,../HiDream-I1/output/full/image_949.png,0.39022424817085266
238,../HiDream-I1/output/full/image_950.png,0.03800144046545029
238,../HiDream-I1/output/full/image_951.png,0.2920179069042206
238,../HiDream-I1/output/full/image_952.png,0.26352658867836
239,../HiDream-I1/output/full/image_953.png,1.7436707019805908
239,../HiDream-I1/output/full/image_954.png,1.8132238388061523
239,../HiDream-I1/output/full/image_955.png,1.9225658178329468
239,../HiDream-I1/output/full/image_956.png,1.882279634475708
240,../HiDream-I1/output/full/image_957.png,0.7570506930351257
240,../HiDream-I1/output/full/image_958.png,1.095907211303711
240,../HiDream-I1/output/full/image_959.png,0.6679670810699463
240,../HiDream-I1/output/full/image_960.png,0.6732261180877686
241,../HiDream-I1/output/full/image_961.png,1.3003650903701782
241,../HiDream-I1/output/full/image_962.png,0.4751361906528473
241,../HiDream-I1/output/full/image_963.png,0.1786039173603058
241,../HiDream-I1/output/full/image_964.png,1.2194981575012207
242,../HiDream-I1/output/full/image_965.png,1.1303404569625854
242,../HiDream-I1/output/full/image_966.png,1.0602624416351318
242,../HiDream-I1/output/full/image_967.png,1.2629882097244263
242,../HiDream-I1/output/full/image_968.png,1.0380951166152954
243,../HiDream-I1/output/full/image_969.png,1.8136807680130005
243,../HiDream-I1/output/full/image_970.png,1.8652833700180054
243,../HiDream-I1/output/full/image_971.png,1.835608959197998
243,../HiDream-I1/output/full/image_972.png,1.8875412940979004
244,../HiDream-I1/output/full/image_973.png,1.833518624305725
244,../HiDream-I1/output/full/image_974.png,1.7630177736282349
244,../HiDream-I1/output/full/image_975.png,1.7969975471496582
244,../HiDream-I1/output/full/image_976.png,1.7880419492721558
245,../HiDream-I1/output/full/image_977.png,1.9333512783050537
245,../HiDream-I1/output/full/image_978.png,1.776691198348999
245,../HiDream-I1/output/full/image_979.png,1.9355120658874512
245,../HiDream-I1/output/full/image_980.png,1.9512697458267212
246,../HiDream-I1/output/full/image_981.png,1.8311741352081299
246,../HiDream-I1/output/full/image_982.png,1.7677310705184937
246,../HiDream-I1/output/full/image_983.png,1.752151608467102
246,../HiDream-I1/output/full/image_984.png,1.7370487451553345
247,../HiDream-I1/output/full/image_985.png,1.826731562614441
247,../HiDream-I1/output/full/image_986.png,1.8389889001846313
247,../HiDream-I1/output/full/image_987.png,1.763577938079834
247,../HiDream-I1/output/full/image_988.png,1.843153715133667
248,../HiDream-I1/output/full/image_989.png,0.6319957971572876
248,../HiDream-I1/output/full/image_990.png,0.8104140758514404
248,../HiDream-I1/output/full/image_991.png,0.6052168607711792
248,../HiDream-I1/output/full/image_992.png,0.7291863560676575
249,../HiDream-I1/output/full/image_993.png,1.7539945840835571
249,../HiDream-I1/output/full/image_994.png,1.410401463508606
249,../HiDream-I1/output/full/image_995.png,1.63351309299469
249,../HiDream-I1/output/full/image_996.png,1.2431626319885254
250,../HiDream-I1/output/full/image_997.png,1.5565805435180664
250,../HiDream-I1/output/full/image_998.png,1.6781376600265503
250,../HiDream-I1/output/full/image_999.png,1.6451680660247803
250,../HiDream-I1/output/full/image_1000.png,1.663872241973877
