prompt_index,image_path,pickscore_score
1,../HiDream-I1/output/full/image_1.png,23.10363
1,../HiDream-I1/output/full/image_2.png,22.818172
1,../HiDream-I1/output/full/image_3.png,23.078608
1,../HiDream-I1/output/full/image_4.png,22.570898
2,../HiDream-I1/output/full/image_5.png,23.518894
2,../HiDream-I1/output/full/image_6.png,23.792807
2,../HiDream-I1/output/full/image_7.png,24.357168
2,../HiDream-I1/output/full/image_8.png,24.579382
3,../HiDream-I1/output/full/image_9.png,21.87183
3,../HiDream-I1/output/full/image_10.png,21.524843
3,../HiDream-I1/output/full/image_11.png,22.10323
3,../HiDream-I1/output/full/image_12.png,21.527596
4,../HiDream-I1/output/full/image_13.png,21.456345
4,../HiDream-I1/output/full/image_14.png,21.938152
4,../HiDream-I1/output/full/image_15.png,21.633549
4,../HiDream-I1/output/full/image_16.png,22.046717
5,../HiDream-I1/output/full/image_17.png,21.769918
5,../HiDream-I1/output/full/image_18.png,22.46958
5,../HiDream-I1/output/full/image_19.png,23.33601
5,../HiDream-I1/output/full/image_20.png,22.228565
6,../HiDream-I1/output/full/image_21.png,22.862696
6,../HiDream-I1/output/full/image_22.png,22.053389
6,../HiDream-I1/output/full/image_23.png,22.29003
6,../HiDream-I1/output/full/image_24.png,22.442122
7,../HiDream-I1/output/full/image_25.png,24.277977
7,../HiDream-I1/output/full/image_26.png,23.573896
7,../HiDream-I1/output/full/image_27.png,23.240786
7,../HiDream-I1/output/full/image_28.png,24.199348
8,../HiDream-I1/output/full/image_29.png,23.838665
8,../HiDream-I1/output/full/image_30.png,23.609028
8,../HiDream-I1/output/full/image_31.png,23.705606
8,../HiDream-I1/output/full/image_32.png,23.705084
9,../HiDream-I1/output/full/image_33.png,21.84181
9,../HiDream-I1/output/full/image_34.png,21.779316
9,../HiDream-I1/output/full/image_35.png,21.662453
9,../HiDream-I1/output/full/image_36.png,21.233831
10,../HiDream-I1/output/full/image_37.png,23.10363
10,../HiDream-I1/output/full/image_38.png,22.818172
10,../HiDream-I1/output/full/image_39.png,23.078608
10,../HiDream-I1/output/full/image_40.png,22.570898
11,../HiDream-I1/output/full/image_41.png,24.33022
11,../HiDream-I1/output/full/image_42.png,23.811342
11,../HiDream-I1/output/full/image_43.png,23.53383
11,../HiDream-I1/output/full/image_44.png,24.040571
12,../HiDream-I1/output/full/image_45.png,22.814667
12,../HiDream-I1/output/full/image_46.png,22.571592
12,../HiDream-I1/output/full/image_47.png,22.51511
12,../HiDream-I1/output/full/image_48.png,22.72238
13,../HiDream-I1/output/full/image_49.png,23.265882
13,../HiDream-I1/output/full/image_50.png,23.076859
13,../HiDream-I1/output/full/image_51.png,22.783724
13,../HiDream-I1/output/full/image_52.png,23.369337
14,../HiDream-I1/output/full/image_53.png,23.544949
14,../HiDream-I1/output/full/image_54.png,23.756477
14,../HiDream-I1/output/full/image_55.png,23.607222
14,../HiDream-I1/output/full/image_56.png,23.991974
15,../HiDream-I1/output/full/image_57.png,23.23665
15,../HiDream-I1/output/full/image_58.png,22.719492
15,../HiDream-I1/output/full/image_59.png,23.34296
15,../HiDream-I1/output/full/image_60.png,23.254345
16,../HiDream-I1/output/full/image_61.png,22.217857
16,../HiDream-I1/output/full/image_62.png,21.796679
16,../HiDream-I1/output/full/image_63.png,21.811317
16,../HiDream-I1/output/full/image_64.png,22.015997
17,../HiDream-I1/output/full/image_65.png,23.184353
17,../HiDream-I1/output/full/image_66.png,23.269047
17,../HiDream-I1/output/full/image_67.png,23.308548
17,../HiDream-I1/output/full/image_68.png,23.305365
18,../HiDream-I1/output/full/image_69.png,22.79037
18,../HiDream-I1/output/full/image_70.png,22.921259
18,../HiDream-I1/output/full/image_71.png,23.056818
18,../HiDream-I1/output/full/image_72.png,21.982971
19,../HiDream-I1/output/full/image_73.png,21.618343
19,../HiDream-I1/output/full/image_74.png,20.563604
19,../HiDream-I1/output/full/image_75.png,20.884108
19,../HiDream-I1/output/full/image_76.png,21.472204
20,../HiDream-I1/output/full/image_77.png,22.90459
20,../HiDream-I1/output/full/image_78.png,22.48858
20,../HiDream-I1/output/full/image_79.png,22.889618
20,../HiDream-I1/output/full/image_80.png,22.962559
21,../HiDream-I1/output/full/image_81.png,23.561365
21,../HiDream-I1/output/full/image_82.png,23.669188
21,../HiDream-I1/output/full/image_83.png,23.434013
21,../HiDream-I1/output/full/image_84.png,23.486519
22,../HiDream-I1/output/full/image_85.png,24.3387
22,../HiDream-I1/output/full/image_86.png,22.812038
22,../HiDream-I1/output/full/image_87.png,23.342974
22,../HiDream-I1/output/full/image_88.png,24.15714
23,../HiDream-I1/output/full/image_89.png,23.347284
23,../HiDream-I1/output/full/image_90.png,23.06106
23,../HiDream-I1/output/full/image_91.png,22.4192
23,../HiDream-I1/output/full/image_92.png,23.268213
24,../HiDream-I1/output/full/image_93.png,21.180065
24,../HiDream-I1/output/full/image_94.png,21.665615
24,../HiDream-I1/output/full/image_95.png,21.565601
24,../HiDream-I1/output/full/image_96.png,21.917574
25,../HiDream-I1/output/full/image_97.png,24.88675
25,../HiDream-I1/output/full/image_98.png,24.82519
25,../HiDream-I1/output/full/image_99.png,24.737629
25,../HiDream-I1/output/full/image_100.png,25.19113
26,../HiDream-I1/output/full/image_101.png,22.656366
26,../HiDream-I1/output/full/image_102.png,22.969513
26,../HiDream-I1/output/full/image_103.png,23.41902
26,../HiDream-I1/output/full/image_104.png,23.687796
27,../HiDream-I1/output/full/image_105.png,21.626322
27,../HiDream-I1/output/full/image_106.png,21.207254
27,../HiDream-I1/output/full/image_107.png,21.785568
27,../HiDream-I1/output/full/image_108.png,21.974833
28,../HiDream-I1/output/full/image_109.png,20.584383
28,../HiDream-I1/output/full/image_110.png,20.395718
28,../HiDream-I1/output/full/image_111.png,20.29356
28,../HiDream-I1/output/full/image_112.png,20.63969
29,../HiDream-I1/output/full/image_113.png,22.385603
29,../HiDream-I1/output/full/image_114.png,21.960499
29,../HiDream-I1/output/full/image_115.png,21.870281
29,../HiDream-I1/output/full/image_116.png,22.239202
30,../HiDream-I1/output/full/image_117.png,21.10334
30,../HiDream-I1/output/full/image_118.png,21.829987
30,../HiDream-I1/output/full/image_119.png,21.598475
30,../HiDream-I1/output/full/image_120.png,21.240229
31,../HiDream-I1/output/full/image_121.png,22.813585
31,../HiDream-I1/output/full/image_122.png,22.160013
31,../HiDream-I1/output/full/image_123.png,21.722466
31,../HiDream-I1/output/full/image_124.png,22.71411
32,../HiDream-I1/output/full/image_125.png,22.449997
32,../HiDream-I1/output/full/image_126.png,21.679873
32,../HiDream-I1/output/full/image_127.png,21.831425
32,../HiDream-I1/output/full/image_128.png,21.991735
33,../HiDream-I1/output/full/image_129.png,21.81021
33,../HiDream-I1/output/full/image_130.png,22.065899
33,../HiDream-I1/output/full/image_131.png,21.75252
33,../HiDream-I1/output/full/image_132.png,21.883718
34,../HiDream-I1/output/full/image_133.png,23.125612
34,../HiDream-I1/output/full/image_134.png,23.314724
34,../HiDream-I1/output/full/image_135.png,23.522749
34,../HiDream-I1/output/full/image_136.png,23.697157
35,../HiDream-I1/output/full/image_137.png,21.363308
35,../HiDream-I1/output/full/image_138.png,21.459784
35,../HiDream-I1/output/full/image_139.png,22.384306
35,../HiDream-I1/output/full/image_140.png,21.535952
36,../HiDream-I1/output/full/image_141.png,24.897444
36,../HiDream-I1/output/full/image_142.png,24.984093
36,../HiDream-I1/output/full/image_143.png,24.52094
36,../HiDream-I1/output/full/image_144.png,25.333174
37,../HiDream-I1/output/full/image_145.png,25.487501
37,../HiDream-I1/output/full/image_146.png,24.611927
37,../HiDream-I1/output/full/image_147.png,25.555265
37,../HiDream-I1/output/full/image_148.png,25.61427
38,../HiDream-I1/output/full/image_149.png,22.220463
38,../HiDream-I1/output/full/image_150.png,21.789621
38,../HiDream-I1/output/full/image_151.png,21.89245
38,../HiDream-I1/output/full/image_152.png,22.441122
39,../HiDream-I1/output/full/image_153.png,20.339066
39,../HiDream-I1/output/full/image_154.png,21.565834
39,../HiDream-I1/output/full/image_155.png,21.17754
39,../HiDream-I1/output/full/image_156.png,21.071184
40,../HiDream-I1/output/full/image_157.png,20.436617
40,../HiDream-I1/output/full/image_158.png,20.291855
40,../HiDream-I1/output/full/image_159.png,20.142881
40,../HiDream-I1/output/full/image_160.png,20.215502
41,../HiDream-I1/output/full/image_161.png,22.912958
41,../HiDream-I1/output/full/image_162.png,23.05538
41,../HiDream-I1/output/full/image_163.png,23.477646
41,../HiDream-I1/output/full/image_164.png,22.896137
42,../HiDream-I1/output/full/image_165.png,23.6196
42,../HiDream-I1/output/full/image_166.png,23.603088
42,../HiDream-I1/output/full/image_167.png,23.930202
42,../HiDream-I1/output/full/image_168.png,23.862627
43,../HiDream-I1/output/full/image_169.png,24.74128
43,../HiDream-I1/output/full/image_170.png,25.133644
43,../HiDream-I1/output/full/image_171.png,24.86863
43,../HiDream-I1/output/full/image_172.png,24.79435
44,../HiDream-I1/output/full/image_173.png,23.370413
44,../HiDream-I1/output/full/image_174.png,23.44601
44,../HiDream-I1/output/full/image_175.png,23.323517
44,../HiDream-I1/output/full/image_176.png,23.24304
45,../HiDream-I1/output/full/image_177.png,23.065582
45,../HiDream-I1/output/full/image_178.png,22.626709
45,../HiDream-I1/output/full/image_179.png,22.701498
45,../HiDream-I1/output/full/image_180.png,22.774075
46,../HiDream-I1/output/full/image_181.png,23.615725
46,../HiDream-I1/output/full/image_182.png,23.068668
46,../HiDream-I1/output/full/image_183.png,23.489677
46,../HiDream-I1/output/full/image_184.png,24.003067
47,../HiDream-I1/output/full/image_185.png,20.919357
47,../HiDream-I1/output/full/image_186.png,20.591635
47,../HiDream-I1/output/full/image_187.png,21.156391
47,../HiDream-I1/output/full/image_188.png,20.811983
48,../HiDream-I1/output/full/image_189.png,25.808617
48,../HiDream-I1/output/full/image_190.png,25.088392
48,../HiDream-I1/output/full/image_191.png,25.734104
48,../HiDream-I1/output/full/image_192.png,25.6835
49,../HiDream-I1/output/full/image_193.png,24.65911
49,../HiDream-I1/output/full/image_194.png,23.710644
49,../HiDream-I1/output/full/image_195.png,24.499447
49,../HiDream-I1/output/full/image_196.png,24.299925
50,../HiDream-I1/output/full/image_197.png,23.67398
50,../HiDream-I1/output/full/image_198.png,24.898005
50,../HiDream-I1/output/full/image_199.png,23.900377
50,../HiDream-I1/output/full/image_200.png,23.639753
51,../HiDream-I1/output/full/image_201.png,24.218311
51,../HiDream-I1/output/full/image_202.png,24.384098
51,../HiDream-I1/output/full/image_203.png,24.055414
51,../HiDream-I1/output/full/image_204.png,23.957712
52,../HiDream-I1/output/full/image_205.png,22.4656
52,../HiDream-I1/output/full/image_206.png,22.403112
52,../HiDream-I1/output/full/image_207.png,22.949116
52,../HiDream-I1/output/full/image_208.png,22.487583
53,../HiDream-I1/output/full/image_209.png,21.690983
53,../HiDream-I1/output/full/image_210.png,21.791218
53,../HiDream-I1/output/full/image_211.png,21.828384
53,../HiDream-I1/output/full/image_212.png,21.183292
54,../HiDream-I1/output/full/image_213.png,21.367117
54,../HiDream-I1/output/full/image_214.png,21.442762
54,../HiDream-I1/output/full/image_215.png,21.385185
54,../HiDream-I1/output/full/image_216.png,21.77933
55,../HiDream-I1/output/full/image_217.png,23.884071
55,../HiDream-I1/output/full/image_218.png,23.913887
55,../HiDream-I1/output/full/image_219.png,24.008972
55,../HiDream-I1/output/full/image_220.png,23.925402
56,../HiDream-I1/output/full/image_221.png,22.702616
56,../HiDream-I1/output/full/image_222.png,22.9149
56,../HiDream-I1/output/full/image_223.png,22.81903
56,../HiDream-I1/output/full/image_224.png,21.994886
57,../HiDream-I1/output/full/image_225.png,20.401396
57,../HiDream-I1/output/full/image_226.png,20.447643
57,../HiDream-I1/output/full/image_227.png,20.399364
57,../HiDream-I1/output/full/image_228.png,20.264362
58,../HiDream-I1/output/full/image_229.png,22.351837
58,../HiDream-I1/output/full/image_230.png,21.86989
58,../HiDream-I1/output/full/image_231.png,21.988493
58,../HiDream-I1/output/full/image_232.png,21.574068
59,../HiDream-I1/output/full/image_233.png,22.508396
59,../HiDream-I1/output/full/image_234.png,22.401693
59,../HiDream-I1/output/full/image_235.png,22.23894
59,../HiDream-I1/output/full/image_236.png,21.991884
60,../HiDream-I1/output/full/image_237.png,19.589655
60,../HiDream-I1/output/full/image_238.png,19.262844
60,../HiDream-I1/output/full/image_239.png,19.64555
60,../HiDream-I1/output/full/image_240.png,19.660519
61,../HiDream-I1/output/full/image_241.png,21.045729
61,../HiDream-I1/output/full/image_242.png,21.297731
61,../HiDream-I1/output/full/image_243.png,20.928242
61,../HiDream-I1/output/full/image_244.png,21.344269
62,../HiDream-I1/output/full/image_245.png,24.708582
62,../HiDream-I1/output/full/image_246.png,23.635098
62,../HiDream-I1/output/full/image_247.png,24.814142
62,../HiDream-I1/output/full/image_248.png,23.86044
63,../HiDream-I1/output/full/image_249.png,22.534683
63,../HiDream-I1/output/full/image_250.png,22.04603
63,../HiDream-I1/output/full/image_251.png,21.48502
63,../HiDream-I1/output/full/image_252.png,22.689915
64,../HiDream-I1/output/full/image_253.png,23.065994
64,../HiDream-I1/output/full/image_254.png,23.041481
64,../HiDream-I1/output/full/image_255.png,22.98401
64,../HiDream-I1/output/full/image_256.png,22.829956
65,../HiDream-I1/output/full/image_257.png,22.307915
65,../HiDream-I1/output/full/image_258.png,22.710058
65,../HiDream-I1/output/full/image_259.png,22.55819
65,../HiDream-I1/output/full/image_260.png,22.842762
66,../HiDream-I1/output/full/image_261.png,23.84204
66,../HiDream-I1/output/full/image_262.png,23.719114
66,../HiDream-I1/output/full/image_263.png,23.793287
66,../HiDream-I1/output/full/image_264.png,23.760025
67,../HiDream-I1/output/full/image_265.png,21.54791
67,../HiDream-I1/output/full/image_266.png,21.043386
67,../HiDream-I1/output/full/image_267.png,21.203888
67,../HiDream-I1/output/full/image_268.png,21.71489
68,../HiDream-I1/output/full/image_269.png,22.477781
68,../HiDream-I1/output/full/image_270.png,21.43539
68,../HiDream-I1/output/full/image_271.png,22.841698
68,../HiDream-I1/output/full/image_272.png,21.904148
69,../HiDream-I1/output/full/image_273.png,22.810707
69,../HiDream-I1/output/full/image_274.png,22.426294
69,../HiDream-I1/output/full/image_275.png,22.318642
69,../HiDream-I1/output/full/image_276.png,22.36733
70,../HiDream-I1/output/full/image_277.png,22.032372
70,../HiDream-I1/output/full/image_278.png,21.238441
70,../HiDream-I1/output/full/image_279.png,21.64169
70,../HiDream-I1/output/full/image_280.png,22.176025
71,../HiDream-I1/output/full/image_281.png,22.529829
71,../HiDream-I1/output/full/image_282.png,22.28807
71,../HiDream-I1/output/full/image_283.png,22.297812
71,../HiDream-I1/output/full/image_284.png,22.193523
72,../HiDream-I1/output/full/image_285.png,22.557892
72,../HiDream-I1/output/full/image_286.png,22.40267
72,../HiDream-I1/output/full/image_287.png,22.50041
72,../HiDream-I1/output/full/image_288.png,22.19042
73,../HiDream-I1/output/full/image_289.png,20.702154
73,../HiDream-I1/output/full/image_290.png,20.688068
73,../HiDream-I1/output/full/image_291.png,21.191536
73,../HiDream-I1/output/full/image_292.png,20.88052
74,../HiDream-I1/output/full/image_293.png,20.312927
74,../HiDream-I1/output/full/image_294.png,20.117363
74,../HiDream-I1/output/full/image_295.png,20.207336
74,../HiDream-I1/output/full/image_296.png,20.236069
75,../HiDream-I1/output/full/image_297.png,24.324228
75,../HiDream-I1/output/full/image_298.png,23.588032
75,../HiDream-I1/output/full/image_299.png,23.401194
75,../HiDream-I1/output/full/image_300.png,23.55983
76,../HiDream-I1/output/full/image_301.png,21.277714
76,../HiDream-I1/output/full/image_302.png,21.464108
76,../HiDream-I1/output/full/image_303.png,21.374523
76,../HiDream-I1/output/full/image_304.png,21.541573
77,../HiDream-I1/output/full/image_305.png,22.43874
77,../HiDream-I1/output/full/image_306.png,21.794325
77,../HiDream-I1/output/full/image_307.png,22.282658
77,../HiDream-I1/output/full/image_308.png,22.10934
78,../HiDream-I1/output/full/image_309.png,21.603737
78,../HiDream-I1/output/full/image_310.png,21.184944
78,../HiDream-I1/output/full/image_311.png,22.215948
78,../HiDream-I1/output/full/image_312.png,21.307215
79,../HiDream-I1/output/full/image_313.png,22.59611
79,../HiDream-I1/output/full/image_314.png,22.364044
79,../HiDream-I1/output/full/image_315.png,22.619526
79,../HiDream-I1/output/full/image_316.png,22.402967
80,../HiDream-I1/output/full/image_317.png,21.052668
80,../HiDream-I1/output/full/image_318.png,20.032515
80,../HiDream-I1/output/full/image_319.png,20.725548
80,../HiDream-I1/output/full/image_320.png,20.869068
81,../HiDream-I1/output/full/image_321.png,19.971935
81,../HiDream-I1/output/full/image_322.png,19.554983
81,../HiDream-I1/output/full/image_323.png,19.868034
81,../HiDream-I1/output/full/image_324.png,20.249676
82,../HiDream-I1/output/full/image_325.png,22.031954
82,../HiDream-I1/output/full/image_326.png,22.118406
82,../HiDream-I1/output/full/image_327.png,22.242277
82,../HiDream-I1/output/full/image_328.png,22.876106
83,../HiDream-I1/output/full/image_329.png,22.728945
83,../HiDream-I1/output/full/image_330.png,23.099293
83,../HiDream-I1/output/full/image_331.png,22.90897
83,../HiDream-I1/output/full/image_332.png,22.670265
84,../HiDream-I1/output/full/image_333.png,23.197931
84,../HiDream-I1/output/full/image_334.png,23.391054
84,../HiDream-I1/output/full/image_335.png,23.347755
84,../HiDream-I1/output/full/image_336.png,23.384241
85,../HiDream-I1/output/full/image_337.png,22.893417
85,../HiDream-I1/output/full/image_338.png,22.411518
85,../HiDream-I1/output/full/image_339.png,22.548124
85,../HiDream-I1/output/full/image_340.png,22.896927
86,../HiDream-I1/output/full/image_341.png,20.929249
86,../HiDream-I1/output/full/image_342.png,20.677538
86,../HiDream-I1/output/full/image_343.png,21.098188
86,../HiDream-I1/output/full/image_344.png,20.435291
87,../HiDream-I1/output/full/image_345.png,20.685966
87,../HiDream-I1/output/full/image_346.png,20.659586
87,../HiDream-I1/output/full/image_347.png,20.924263
87,../HiDream-I1/output/full/image_348.png,20.276457
88,../HiDream-I1/output/full/image_349.png,22.23343
88,../HiDream-I1/output/full/image_350.png,20.289364
88,../HiDream-I1/output/full/image_351.png,22.137142
88,../HiDream-I1/output/full/image_352.png,22.252949
89,../HiDream-I1/output/full/image_353.png,19.058907
89,../HiDream-I1/output/full/image_354.png,19.038269
89,../HiDream-I1/output/full/image_355.png,18.863565
89,../HiDream-I1/output/full/image_356.png,19.210722
90,../HiDream-I1/output/full/image_357.png,21.928846
90,../HiDream-I1/output/full/image_358.png,21.791235
90,../HiDream-I1/output/full/image_359.png,21.928259
90,../HiDream-I1/output/full/image_360.png,22.289577
91,../HiDream-I1/output/full/image_361.png,22.513271
91,../HiDream-I1/output/full/image_362.png,21.97922
91,../HiDream-I1/output/full/image_363.png,22.588396
91,../HiDream-I1/output/full/image_364.png,22.36994
92,../HiDream-I1/output/full/image_365.png,21.308804
92,../HiDream-I1/output/full/image_366.png,21.15225
92,../HiDream-I1/output/full/image_367.png,21.985483
92,../HiDream-I1/output/full/image_368.png,21.864817
93,../HiDream-I1/output/full/image_369.png,22.247992
93,../HiDream-I1/output/full/image_370.png,21.76021
93,../HiDream-I1/output/full/image_371.png,21.881565
93,../HiDream-I1/output/full/image_372.png,22.347914
94,../HiDream-I1/output/full/image_373.png,22.875725
94,../HiDream-I1/output/full/image_374.png,23.165295
94,../HiDream-I1/output/full/image_375.png,22.786139
94,../HiDream-I1/output/full/image_376.png,23.2028
95,../HiDream-I1/output/full/image_377.png,23.263313
95,../HiDream-I1/output/full/image_378.png,23.043081
95,../HiDream-I1/output/full/image_379.png,22.956345
95,../HiDream-I1/output/full/image_380.png,22.771711
96,../HiDream-I1/output/full/image_381.png,21.034952
96,../HiDream-I1/output/full/image_382.png,20.984457
96,../HiDream-I1/output/full/image_383.png,20.891058
96,../HiDream-I1/output/full/image_384.png,21.089108
97,../HiDream-I1/output/full/image_385.png,22.55848
97,../HiDream-I1/output/full/image_386.png,23.80195
97,../HiDream-I1/output/full/image_387.png,23.063883
97,../HiDream-I1/output/full/image_388.png,21.69644
98,../HiDream-I1/output/full/image_389.png,23.296892
98,../HiDream-I1/output/full/image_390.png,22.983437
98,../HiDream-I1/output/full/image_391.png,22.747755
98,../HiDream-I1/output/full/image_392.png,23.532084
99,../HiDream-I1/output/full/image_393.png,23.307758
99,../HiDream-I1/output/full/image_394.png,22.070423
99,../HiDream-I1/output/full/image_395.png,23.382578
99,../HiDream-I1/output/full/image_396.png,24.313463
100,../HiDream-I1/output/full/image_397.png,23.592258
100,../HiDream-I1/output/full/image_398.png,23.808298
100,../HiDream-I1/output/full/image_399.png,24.00533
100,../HiDream-I1/output/full/image_400.png,23.732693
101,../HiDream-I1/output/full/image_401.png,21.958344
101,../HiDream-I1/output/full/image_402.png,22.259481
101,../HiDream-I1/output/full/image_403.png,22.417086
101,../HiDream-I1/output/full/image_404.png,22.007488
102,../HiDream-I1/output/full/image_405.png,22.424961
102,../HiDream-I1/output/full/image_406.png,21.418129
102,../HiDream-I1/output/full/image_407.png,22.829987
102,../HiDream-I1/output/full/image_408.png,23.137943
103,../HiDream-I1/output/full/image_409.png,25.253136
103,../HiDream-I1/output/full/image_410.png,25.35796
103,../HiDream-I1/output/full/image_411.png,24.89596
103,../HiDream-I1/output/full/image_412.png,25.110342
104,../HiDream-I1/output/full/image_413.png,18.984684
104,../HiDream-I1/output/full/image_414.png,18.696257
104,../HiDream-I1/output/full/image_415.png,18.705347
104,../HiDream-I1/output/full/image_416.png,18.864128
105,../HiDream-I1/output/full/image_417.png,23.063831
105,../HiDream-I1/output/full/image_418.png,23.086536
105,../HiDream-I1/output/full/image_419.png,23.01394
105,../HiDream-I1/output/full/image_420.png,23.324703
106,../HiDream-I1/output/full/image_421.png,25.641092
106,../HiDream-I1/output/full/image_422.png,25.678263
106,../HiDream-I1/output/full/image_423.png,25.659334
106,../HiDream-I1/output/full/image_424.png,25.363201
107,../HiDream-I1/output/full/image_425.png,18.588207
107,../HiDream-I1/output/full/image_426.png,16.958302
107,../HiDream-I1/output/full/image_427.png,18.885023
107,../HiDream-I1/output/full/image_428.png,17.882372
108,../HiDream-I1/output/full/image_429.png,22.698631
108,../HiDream-I1/output/full/image_430.png,22.525446
108,../HiDream-I1/output/full/image_431.png,22.458237
108,../HiDream-I1/output/full/image_432.png,22.031784
109,../HiDream-I1/output/full/image_433.png,21.122696
109,../HiDream-I1/output/full/image_434.png,20.844019
109,../HiDream-I1/output/full/image_435.png,21.365814
109,../HiDream-I1/output/full/image_436.png,21.310436
110,../HiDream-I1/output/full/image_437.png,22.748783
110,../HiDream-I1/output/full/image_438.png,22.790792
110,../HiDream-I1/output/full/image_439.png,22.919392
110,../HiDream-I1/output/full/image_440.png,22.460978
111,../HiDream-I1/output/full/image_441.png,21.536526
111,../HiDream-I1/output/full/image_442.png,21.486843
111,../HiDream-I1/output/full/image_443.png,20.923096
111,../HiDream-I1/output/full/image_444.png,21.463236
112,../HiDream-I1/output/full/image_445.png,22.128498
112,../HiDream-I1/output/full/image_446.png,22.228872
112,../HiDream-I1/output/full/image_447.png,22.237741
112,../HiDream-I1/output/full/image_448.png,21.950914
113,../HiDream-I1/output/full/image_449.png,23.031595
113,../HiDream-I1/output/full/image_450.png,23.103466
113,../HiDream-I1/output/full/image_451.png,23.219116
113,../HiDream-I1/output/full/image_452.png,22.890608
114,../HiDream-I1/output/full/image_453.png,22.163443
114,../HiDream-I1/output/full/image_454.png,22.179092
114,../HiDream-I1/output/full/image_455.png,23.041206
114,../HiDream-I1/output/full/image_456.png,23.13308
115,../HiDream-I1/output/full/image_457.png,23.454073
115,../HiDream-I1/output/full/image_458.png,22.868622
115,../HiDream-I1/output/full/image_459.png,23.590586
115,../HiDream-I1/output/full/image_460.png,23.256908
116,../HiDream-I1/output/full/image_461.png,21.380196
116,../HiDream-I1/output/full/image_462.png,21.516813
116,../HiDream-I1/output/full/image_463.png,21.650797
116,../HiDream-I1/output/full/image_464.png,21.678822
117,../HiDream-I1/output/full/image_465.png,23.461857
117,../HiDream-I1/output/full/image_466.png,22.22238
117,../HiDream-I1/output/full/image_467.png,22.770943
117,../HiDream-I1/output/full/image_468.png,23.246033
118,../HiDream-I1/output/full/image_469.png,22.037455
118,../HiDream-I1/output/full/image_470.png,21.384289
118,../HiDream-I1/output/full/image_471.png,21.947145
118,../HiDream-I1/output/full/image_472.png,22.07309
119,../HiDream-I1/output/full/image_473.png,22.972404
119,../HiDream-I1/output/full/image_474.png,21.94915
119,../HiDream-I1/output/full/image_475.png,22.731958
119,../HiDream-I1/output/full/image_476.png,21.241596
120,../HiDream-I1/output/full/image_477.png,20.788313
120,../HiDream-I1/output/full/image_478.png,20.453154
120,../HiDream-I1/output/full/image_479.png,21.03336
120,../HiDream-I1/output/full/image_480.png,20.418749
121,../HiDream-I1/output/full/image_481.png,22.656713
121,../HiDream-I1/output/full/image_482.png,22.559128
121,../HiDream-I1/output/full/image_483.png,22.715199
121,../HiDream-I1/output/full/image_484.png,22.575676
122,../HiDream-I1/output/full/image_485.png,22.763096
122,../HiDream-I1/output/full/image_486.png,22.303589
122,../HiDream-I1/output/full/image_487.png,22.78615
122,../HiDream-I1/output/full/image_488.png,21.68801
123,../HiDream-I1/output/full/image_489.png,21.793648
123,../HiDream-I1/output/full/image_490.png,21.969593
123,../HiDream-I1/output/full/image_491.png,21.460041
123,../HiDream-I1/output/full/image_492.png,22.350857
124,../HiDream-I1/output/full/image_493.png,23.744093
124,../HiDream-I1/output/full/image_494.png,22.796907
124,../HiDream-I1/output/full/image_495.png,22.949356
124,../HiDream-I1/output/full/image_496.png,23.389969
125,../HiDream-I1/output/full/image_497.png,22.70826
125,../HiDream-I1/output/full/image_498.png,22.1964
125,../HiDream-I1/output/full/image_499.png,22.546478
125,../HiDream-I1/output/full/image_500.png,22.676247
126,../HiDream-I1/output/full/image_501.png,24.014645
126,../HiDream-I1/output/full/image_502.png,23.720266
126,../HiDream-I1/output/full/image_503.png,23.319654
126,../HiDream-I1/output/full/image_504.png,24.255629
127,../HiDream-I1/output/full/image_505.png,20.971193
127,../HiDream-I1/output/full/image_506.png,21.00125
127,../HiDream-I1/output/full/image_507.png,21.27149
127,../HiDream-I1/output/full/image_508.png,21.23625
128,../HiDream-I1/output/full/image_509.png,21.795713
128,../HiDream-I1/output/full/image_510.png,22.713535
128,../HiDream-I1/output/full/image_511.png,22.428864
128,../HiDream-I1/output/full/image_512.png,22.574053
129,../HiDream-I1/output/full/image_513.png,20.164919
129,../HiDream-I1/output/full/image_514.png,19.503315
129,../HiDream-I1/output/full/image_515.png,21.537775
129,../HiDream-I1/output/full/image_516.png,21.190487
130,../HiDream-I1/output/full/image_517.png,21.629118
130,../HiDream-I1/output/full/image_518.png,21.145895
130,../HiDream-I1/output/full/image_519.png,21.296719
130,../HiDream-I1/output/full/image_520.png,21.127924
131,../HiDream-I1/output/full/image_521.png,22.424461
131,../HiDream-I1/output/full/image_522.png,21.992092
131,../HiDream-I1/output/full/image_523.png,22.664408
131,../HiDream-I1/output/full/image_524.png,21.960249
132,../HiDream-I1/output/full/image_525.png,20.95914
132,../HiDream-I1/output/full/image_526.png,20.439142
132,../HiDream-I1/output/full/image_527.png,20.941944
132,../HiDream-I1/output/full/image_528.png,21.049334
133,../HiDream-I1/output/full/image_529.png,22.507854
133,../HiDream-I1/output/full/image_530.png,22.036179
133,../HiDream-I1/output/full/image_531.png,22.721676
133,../HiDream-I1/output/full/image_532.png,22.171007
134,../HiDream-I1/output/full/image_533.png,23.450113
134,../HiDream-I1/output/full/image_534.png,22.960897
134,../HiDream-I1/output/full/image_535.png,23.346924
134,../HiDream-I1/output/full/image_536.png,23.507206
135,../HiDream-I1/output/full/image_537.png,24.618269
135,../HiDream-I1/output/full/image_538.png,24.609804
135,../HiDream-I1/output/full/image_539.png,24.722023
135,../HiDream-I1/output/full/image_540.png,24.67938
136,../HiDream-I1/output/full/image_541.png,19.619217
136,../HiDream-I1/output/full/image_542.png,20.093899
136,../HiDream-I1/output/full/image_543.png,19.680576
136,../HiDream-I1/output/full/image_544.png,19.587234
137,../HiDream-I1/output/full/image_545.png,21.549938
137,../HiDream-I1/output/full/image_546.png,22.413155
137,../HiDream-I1/output/full/image_547.png,21.985376
137,../HiDream-I1/output/full/image_548.png,22.564808
138,../HiDream-I1/output/full/image_549.png,24.831371
138,../HiDream-I1/output/full/image_550.png,25.556528
138,../HiDream-I1/output/full/image_551.png,24.211187
138,../HiDream-I1/output/full/image_552.png,25.144
139,../HiDream-I1/output/full/image_553.png,21.013247
139,../HiDream-I1/output/full/image_554.png,21.218142
139,../HiDream-I1/output/full/image_555.png,21.208315
139,../HiDream-I1/output/full/image_556.png,21.145964
140,../HiDream-I1/output/full/image_557.png,23.876143
140,../HiDream-I1/output/full/image_558.png,23.754284
140,../HiDream-I1/output/full/image_559.png,23.443254
140,../HiDream-I1/output/full/image_560.png,23.41009
141,../HiDream-I1/output/full/image_561.png,21.475145
141,../HiDream-I1/output/full/image_562.png,21.935802
141,../HiDream-I1/output/full/image_563.png,21.539627
141,../HiDream-I1/output/full/image_564.png,21.035978
142,../HiDream-I1/output/full/image_565.png,22.19827
142,../HiDream-I1/output/full/image_566.png,22.128317
142,../HiDream-I1/output/full/image_567.png,22.432957
142,../HiDream-I1/output/full/image_568.png,21.990942
143,../HiDream-I1/output/full/image_569.png,23.244066
143,../HiDream-I1/output/full/image_570.png,23.670341
143,../HiDream-I1/output/full/image_571.png,23.948313
143,../HiDream-I1/output/full/image_572.png,22.606617
144,../HiDream-I1/output/full/image_573.png,21.480951
144,../HiDream-I1/output/full/image_574.png,21.41181
144,../HiDream-I1/output/full/image_575.png,21.352926
144,../HiDream-I1/output/full/image_576.png,21.427984
145,../HiDream-I1/output/full/image_577.png,22.863325
145,../HiDream-I1/output/full/image_578.png,23.212168
145,../HiDream-I1/output/full/image_579.png,23.467426
145,../HiDream-I1/output/full/image_580.png,23.081837
146,../HiDream-I1/output/full/image_581.png,22.606989
146,../HiDream-I1/output/full/image_582.png,22.535015
146,../HiDream-I1/output/full/image_583.png,22.89566
146,../HiDream-I1/output/full/image_584.png,23.675125
147,../HiDream-I1/output/full/image_585.png,22.87412
147,../HiDream-I1/output/full/image_586.png,22.801062
147,../HiDream-I1/output/full/image_587.png,22.560007
147,../HiDream-I1/output/full/image_588.png,22.613155
148,../HiDream-I1/output/full/image_589.png,22.398178
148,../HiDream-I1/output/full/image_590.png,21.994085
148,../HiDream-I1/output/full/image_591.png,22.250484
148,../HiDream-I1/output/full/image_592.png,22.126572
149,../HiDream-I1/output/full/image_593.png,23.410593
149,../HiDream-I1/output/full/image_594.png,24.825214
149,../HiDream-I1/output/full/image_595.png,24.61168
149,../HiDream-I1/output/full/image_596.png,24.822998
150,../HiDream-I1/output/full/image_597.png,23.491205
150,../HiDream-I1/output/full/image_598.png,23.13991
150,../HiDream-I1/output/full/image_599.png,23.71235
150,../HiDream-I1/output/full/image_600.png,23.821486
151,../HiDream-I1/output/full/image_601.png,21.383692
151,../HiDream-I1/output/full/image_602.png,21.075613
151,../HiDream-I1/output/full/image_603.png,21.166008
151,../HiDream-I1/output/full/image_604.png,21.29684
152,../HiDream-I1/output/full/image_605.png,24.804213
152,../HiDream-I1/output/full/image_606.png,24.275187
152,../HiDream-I1/output/full/image_607.png,24.70847
152,../HiDream-I1/output/full/image_608.png,24.666285
153,../HiDream-I1/output/full/image_609.png,21.022552
153,../HiDream-I1/output/full/image_610.png,20.854729
153,../HiDream-I1/output/full/image_611.png,21.055128
153,../HiDream-I1/output/full/image_612.png,20.944801
154,../HiDream-I1/output/full/image_613.png,21.06731
154,../HiDream-I1/output/full/image_614.png,20.93745
154,../HiDream-I1/output/full/image_615.png,21.153355
154,../HiDream-I1/output/full/image_616.png,21.160545
155,../HiDream-I1/output/full/image_617.png,21.531027
155,../HiDream-I1/output/full/image_618.png,21.98402
155,../HiDream-I1/output/full/image_619.png,21.452896
155,../HiDream-I1/output/full/image_620.png,21.543184
156,../HiDream-I1/output/full/image_621.png,21.24514
156,../HiDream-I1/output/full/image_622.png,21.395477
156,../HiDream-I1/output/full/image_623.png,21.222834
156,../HiDream-I1/output/full/image_624.png,21.143116
157,../HiDream-I1/output/full/image_625.png,21.383694
157,../HiDream-I1/output/full/image_626.png,21.57958
157,../HiDream-I1/output/full/image_627.png,21.392662
157,../HiDream-I1/output/full/image_628.png,22.412992
158,../HiDream-I1/output/full/image_629.png,21.242754
158,../HiDream-I1/output/full/image_630.png,22.023249
158,../HiDream-I1/output/full/image_631.png,21.577951
158,../HiDream-I1/output/full/image_632.png,20.643784
159,../HiDream-I1/output/full/image_633.png,21.948997
159,../HiDream-I1/output/full/image_634.png,21.774927
159,../HiDream-I1/output/full/image_635.png,21.681438
159,../HiDream-I1/output/full/image_636.png,21.95979
160,../HiDream-I1/output/full/image_637.png,22.615356
160,../HiDream-I1/output/full/image_638.png,22.423458
160,../HiDream-I1/output/full/image_639.png,22.494944
160,../HiDream-I1/output/full/image_640.png,22.69783
161,../HiDream-I1/output/full/image_641.png,22.041153
161,../HiDream-I1/output/full/image_642.png,21.945456
161,../HiDream-I1/output/full/image_643.png,21.927849
161,../HiDream-I1/output/full/image_644.png,22.62629
162,../HiDream-I1/output/full/image_645.png,20.451942
162,../HiDream-I1/output/full/image_646.png,20.302423
162,../HiDream-I1/output/full/image_647.png,20.509764
162,../HiDream-I1/output/full/image_648.png,20.215435
163,../HiDream-I1/output/full/image_649.png,22.84842
163,../HiDream-I1/output/full/image_650.png,22.675543
163,../HiDream-I1/output/full/image_651.png,22.81234
163,../HiDream-I1/output/full/image_652.png,22.67555
164,../HiDream-I1/output/full/image_653.png,21.88194
164,../HiDream-I1/output/full/image_654.png,21.464132
164,../HiDream-I1/output/full/image_655.png,21.585148
164,../HiDream-I1/output/full/image_656.png,21.973541
165,../HiDream-I1/output/full/image_657.png,20.966093
165,../HiDream-I1/output/full/image_658.png,21.164946
165,../HiDream-I1/output/full/image_659.png,21.155203
165,../HiDream-I1/output/full/image_660.png,21.010197
166,../HiDream-I1/output/full/image_661.png,23.02319
166,../HiDream-I1/output/full/image_662.png,22.914896
166,../HiDream-I1/output/full/image_663.png,23.330526
166,../HiDream-I1/output/full/image_664.png,23.413448
167,../HiDream-I1/output/full/image_665.png,21.560694
167,../HiDream-I1/output/full/image_666.png,21.345482
167,../HiDream-I1/output/full/image_667.png,21.827168
167,../HiDream-I1/output/full/image_668.png,21.519249
168,../HiDream-I1/output/full/image_669.png,23.495918
168,../HiDream-I1/output/full/image_670.png,23.011553
168,../HiDream-I1/output/full/image_671.png,23.792479
168,../HiDream-I1/output/full/image_672.png,23.418745
169,../HiDream-I1/output/full/image_673.png,23.463562
169,../HiDream-I1/output/full/image_674.png,22.354568
169,../HiDream-I1/output/full/image_675.png,23.837858
169,../HiDream-I1/output/full/image_676.png,23.613031
170,../HiDream-I1/output/full/image_677.png,22.799969
170,../HiDream-I1/output/full/image_678.png,22.773684
170,../HiDream-I1/output/full/image_679.png,22.412916
170,../HiDream-I1/output/full/image_680.png,22.831043
171,../HiDream-I1/output/full/image_681.png,21.067423
171,../HiDream-I1/output/full/image_682.png,20.152426
171,../HiDream-I1/output/full/image_683.png,20.612053
171,../HiDream-I1/output/full/image_684.png,20.855404
172,../HiDream-I1/output/full/image_685.png,21.345078
172,../HiDream-I1/output/full/image_686.png,21.424572
172,../HiDream-I1/output/full/image_687.png,22.42369
172,../HiDream-I1/output/full/image_688.png,20.885626
173,../HiDream-I1/output/full/image_689.png,22.4616
173,../HiDream-I1/output/full/image_690.png,22.752974
173,../HiDream-I1/output/full/image_691.png,22.601969
173,../HiDream-I1/output/full/image_692.png,22.608358
174,../HiDream-I1/output/full/image_693.png,24.4333
174,../HiDream-I1/output/full/image_694.png,23.472689
174,../HiDream-I1/output/full/image_695.png,23.170849
174,../HiDream-I1/output/full/image_696.png,23.655159
175,../HiDream-I1/output/full/image_697.png,21.6559
175,../HiDream-I1/output/full/image_698.png,21.806332
175,../HiDream-I1/output/full/image_699.png,21.577404
175,../HiDream-I1/output/full/image_700.png,21.509754
176,../HiDream-I1/output/full/image_701.png,23.06589
176,../HiDream-I1/output/full/image_702.png,23.703259
176,../HiDream-I1/output/full/image_703.png,23.836699
176,../HiDream-I1/output/full/image_704.png,24.037504
177,../HiDream-I1/output/full/image_705.png,22.85078
177,../HiDream-I1/output/full/image_706.png,22.585226
177,../HiDream-I1/output/full/image_707.png,22.29577
177,../HiDream-I1/output/full/image_708.png,23.76723
178,../HiDream-I1/output/full/image_709.png,21.797058
178,../HiDream-I1/output/full/image_710.png,22.041187
178,../HiDream-I1/output/full/image_711.png,21.93651
178,../HiDream-I1/output/full/image_712.png,21.814137
179,../HiDream-I1/output/full/image_713.png,23.296255
179,../HiDream-I1/output/full/image_714.png,23.16097
179,../HiDream-I1/output/full/image_715.png,23.046167
179,../HiDream-I1/output/full/image_716.png,22.981802
180,../HiDream-I1/output/full/image_717.png,21.81603
180,../HiDream-I1/output/full/image_718.png,22.24334
180,../HiDream-I1/output/full/image_719.png,21.819006
180,../HiDream-I1/output/full/image_720.png,21.466425
181,../HiDream-I1/output/full/image_721.png,21.310032
181,../HiDream-I1/output/full/image_722.png,21.707693
181,../HiDream-I1/output/full/image_723.png,21.648611
181,../HiDream-I1/output/full/image_724.png,21.194618
182,../HiDream-I1/output/full/image_725.png,21.421112
182,../HiDream-I1/output/full/image_726.png,19.470219
182,../HiDream-I1/output/full/image_727.png,20.566708
182,../HiDream-I1/output/full/image_728.png,20.48833
183,../HiDream-I1/output/full/image_729.png,21.888626
183,../HiDream-I1/output/full/image_730.png,22.432344
183,../HiDream-I1/output/full/image_731.png,21.563
183,../HiDream-I1/output/full/image_732.png,21.663921
184,../HiDream-I1/output/full/image_733.png,20.149359
184,../HiDream-I1/output/full/image_734.png,20.482067
184,../HiDream-I1/output/full/image_735.png,20.637146
184,../HiDream-I1/output/full/image_736.png,20.6097
185,../HiDream-I1/output/full/image_737.png,23.82875
185,../HiDream-I1/output/full/image_738.png,23.76978
185,../HiDream-I1/output/full/image_739.png,24.099289
185,../HiDream-I1/output/full/image_740.png,23.842941
186,../HiDream-I1/output/full/image_741.png,20.599194
186,../HiDream-I1/output/full/image_742.png,21.87759
186,../HiDream-I1/output/full/image_743.png,20.73725
186,../HiDream-I1/output/full/image_744.png,20.805975
187,../HiDream-I1/output/full/image_745.png,23.06869
187,../HiDream-I1/output/full/image_746.png,23.058516
187,../HiDream-I1/output/full/image_747.png,22.657019
187,../HiDream-I1/output/full/image_748.png,23.191069
188,../HiDream-I1/output/full/image_749.png,23.311228
188,../HiDream-I1/output/full/image_750.png,23.070478
188,../HiDream-I1/output/full/image_751.png,22.807436
188,../HiDream-I1/output/full/image_752.png,23.068644
189,../HiDream-I1/output/full/image_753.png,25.784468
189,../HiDream-I1/output/full/image_754.png,25.762352
189,../HiDream-I1/output/full/image_755.png,26.878971
189,../HiDream-I1/output/full/image_756.png,25.038277
190,../HiDream-I1/output/full/image_757.png,23.094198
190,../HiDream-I1/output/full/image_758.png,22.29649
190,../HiDream-I1/output/full/image_759.png,22.58256
190,../HiDream-I1/output/full/image_760.png,23.147385
191,../HiDream-I1/output/full/image_761.png,23.240747
191,../HiDream-I1/output/full/image_762.png,23.134445
191,../HiDream-I1/output/full/image_763.png,23.441456
191,../HiDream-I1/output/full/image_764.png,22.90604
192,../HiDream-I1/output/full/image_765.png,22.185751
192,../HiDream-I1/output/full/image_766.png,21.94457
192,../HiDream-I1/output/full/image_767.png,22.326523
192,../HiDream-I1/output/full/image_768.png,22.020998
193,../HiDream-I1/output/full/image_769.png,21.399942
193,../HiDream-I1/output/full/image_770.png,22.768366
193,../HiDream-I1/output/full/image_771.png,21.43165
193,../HiDream-I1/output/full/image_772.png,22.144382
194,../HiDream-I1/output/full/image_773.png,22.496191
194,../HiDream-I1/output/full/image_774.png,22.5869
194,../HiDream-I1/output/full/image_775.png,22.781355
194,../HiDream-I1/output/full/image_776.png,22.443115
195,../HiDream-I1/output/full/image_777.png,24.616072
195,../HiDream-I1/output/full/image_778.png,22.885502
195,../HiDream-I1/output/full/image_779.png,23.13156
195,../HiDream-I1/output/full/image_780.png,24.266516
196,../HiDream-I1/output/full/image_781.png,22.613642
196,../HiDream-I1/output/full/image_782.png,22.989187
196,../HiDream-I1/output/full/image_783.png,22.771513
196,../HiDream-I1/output/full/image_784.png,22.68037
197,../HiDream-I1/output/full/image_785.png,21.860603
197,../HiDream-I1/output/full/image_786.png,21.947168
197,../HiDream-I1/output/full/image_787.png,22.036186
197,../HiDream-I1/output/full/image_788.png,22.002768
198,../HiDream-I1/output/full/image_789.png,23.195736
198,../HiDream-I1/output/full/image_790.png,23.92713
198,../HiDream-I1/output/full/image_791.png,24.128048
198,../HiDream-I1/output/full/image_792.png,23.307362
199,../HiDream-I1/output/full/image_793.png,23.51008
199,../HiDream-I1/output/full/image_794.png,23.865585
199,../HiDream-I1/output/full/image_795.png,23.547163
199,../HiDream-I1/output/full/image_796.png,23.319874
200,../HiDream-I1/output/full/image_797.png,21.542362
200,../HiDream-I1/output/full/image_798.png,22.230873
200,../HiDream-I1/output/full/image_799.png,21.560652
200,../HiDream-I1/output/full/image_800.png,21.521513
201,../HiDream-I1/output/full/image_801.png,21.864424
201,../HiDream-I1/output/full/image_802.png,21.610075
201,../HiDream-I1/output/full/image_803.png,22.05662
201,../HiDream-I1/output/full/image_804.png,21.51679
202,../HiDream-I1/output/full/image_805.png,21.32097
202,../HiDream-I1/output/full/image_806.png,21.201063
202,../HiDream-I1/output/full/image_807.png,21.443535
202,../HiDream-I1/output/full/image_808.png,21.003763
203,../HiDream-I1/output/full/image_809.png,22.09749
203,../HiDream-I1/output/full/image_810.png,22.045685
203,../HiDream-I1/output/full/image_811.png,22.072985
203,../HiDream-I1/output/full/image_812.png,22.104906
204,../HiDream-I1/output/full/image_813.png,23.372507
204,../HiDream-I1/output/full/image_814.png,22.911713
204,../HiDream-I1/output/full/image_815.png,23.02738
204,../HiDream-I1/output/full/image_816.png,23.52218
205,../HiDream-I1/output/full/image_817.png,23.83202
205,../HiDream-I1/output/full/image_818.png,23.25727
205,../HiDream-I1/output/full/image_819.png,22.990967
205,../HiDream-I1/output/full/image_820.png,22.955324
206,../HiDream-I1/output/full/image_821.png,23.712788
206,../HiDream-I1/output/full/image_822.png,23.662373
206,../HiDream-I1/output/full/image_823.png,24.080929
206,../HiDream-I1/output/full/image_824.png,24.36337
207,../HiDream-I1/output/full/image_825.png,25.670893
207,../HiDream-I1/output/full/image_826.png,25.539732
207,../HiDream-I1/output/full/image_827.png,25.989319
207,../HiDream-I1/output/full/image_828.png,26.116909
208,../HiDream-I1/output/full/image_829.png,21.367954
208,../HiDream-I1/output/full/image_830.png,21.921444
208,../HiDream-I1/output/full/image_831.png,21.932976
208,../HiDream-I1/output/full/image_832.png,22.037392
209,../HiDream-I1/output/full/image_833.png,24.463501
209,../HiDream-I1/output/full/image_834.png,23.958801
209,../HiDream-I1/output/full/image_835.png,24.025118
209,../HiDream-I1/output/full/image_836.png,24.521488
210,../HiDream-I1/output/full/image_837.png,22.09479
210,../HiDream-I1/output/full/image_838.png,22.397093
210,../HiDream-I1/output/full/image_839.png,22.379963
210,../HiDream-I1/output/full/image_840.png,22.513876
211,../HiDream-I1/output/full/image_841.png,20.701574
211,../HiDream-I1/output/full/image_842.png,21.511444
211,../HiDream-I1/output/full/image_843.png,21.225847
211,../HiDream-I1/output/full/image_844.png,20.999071
212,../HiDream-I1/output/full/image_845.png,20.832563
212,../HiDream-I1/output/full/image_846.png,20.578018
212,../HiDream-I1/output/full/image_847.png,20.300741
212,../HiDream-I1/output/full/image_848.png,20.61806
213,../HiDream-I1/output/full/image_849.png,22.483614
213,../HiDream-I1/output/full/image_850.png,22.726189
213,../HiDream-I1/output/full/image_851.png,22.559357
213,../HiDream-I1/output/full/image_852.png,22.331451
214,../HiDream-I1/output/full/image_853.png,22.64735
214,../HiDream-I1/output/full/image_854.png,23.476452
214,../HiDream-I1/output/full/image_855.png,23.240519
214,../HiDream-I1/output/full/image_856.png,22.627762
215,../HiDream-I1/output/full/image_857.png,20.558466
215,../HiDream-I1/output/full/image_858.png,19.854792
215,../HiDream-I1/output/full/image_859.png,20.95684
215,../HiDream-I1/output/full/image_860.png,20.433224
216,../HiDream-I1/output/full/image_861.png,20.662178
216,../HiDream-I1/output/full/image_862.png,20.748354
216,../HiDream-I1/output/full/image_863.png,20.78487
216,../HiDream-I1/output/full/image_864.png,20.60984
217,../HiDream-I1/output/full/image_865.png,22.657623
217,../HiDream-I1/output/full/image_866.png,22.499462
217,../HiDream-I1/output/full/image_867.png,22.916447
217,../HiDream-I1/output/full/image_868.png,23.031822
218,../HiDream-I1/output/full/image_869.png,22.851482
218,../HiDream-I1/output/full/image_870.png,22.77997
218,../HiDream-I1/output/full/image_871.png,23.626766
218,../HiDream-I1/output/full/image_872.png,22.718874
219,../HiDream-I1/output/full/image_873.png,21.732706
219,../HiDream-I1/output/full/image_874.png,21.704288
219,../HiDream-I1/output/full/image_875.png,22.169035
219,../HiDream-I1/output/full/image_876.png,21.941525
220,../HiDream-I1/output/full/image_877.png,22.49452
220,../HiDream-I1/output/full/image_878.png,22.920685
220,../HiDream-I1/output/full/image_879.png,22.734537
220,../HiDream-I1/output/full/image_880.png,22.41104
221,../HiDream-I1/output/full/image_881.png,21.881903
221,../HiDream-I1/output/full/image_882.png,21.116003
221,../HiDream-I1/output/full/image_883.png,21.752386
221,../HiDream-I1/output/full/image_884.png,21.749996
222,../HiDream-I1/output/full/image_885.png,21.76347
222,../HiDream-I1/output/full/image_886.png,21.436562
222,../HiDream-I1/output/full/image_887.png,21.252766
222,../HiDream-I1/output/full/image_888.png,21.377565
223,../HiDream-I1/output/full/image_889.png,21.145094
223,../HiDream-I1/output/full/image_890.png,21.57286
223,../HiDream-I1/output/full/image_891.png,20.878157
223,../HiDream-I1/output/full/image_892.png,21.160284
224,../HiDream-I1/output/full/image_893.png,23.817223
224,../HiDream-I1/output/full/image_894.png,23.647623
224,../HiDream-I1/output/full/image_895.png,23.881788
224,../HiDream-I1/output/full/image_896.png,23.841337
225,../HiDream-I1/output/full/image_897.png,21.347134
225,../HiDream-I1/output/full/image_898.png,21.22643
225,../HiDream-I1/output/full/image_899.png,21.234533
225,../HiDream-I1/output/full/image_900.png,21.097614
226,../HiDream-I1/output/full/image_901.png,21.089706
226,../HiDream-I1/output/full/image_902.png,21.247261
226,../HiDream-I1/output/full/image_903.png,21.408072
226,../HiDream-I1/output/full/image_904.png,21.23506
227,../HiDream-I1/output/full/image_905.png,22.16227
227,../HiDream-I1/output/full/image_906.png,22.43474
227,../HiDream-I1/output/full/image_907.png,22.207794
227,../HiDream-I1/output/full/image_908.png,22.76211
228,../HiDream-I1/output/full/image_909.png,23.723658
228,../HiDream-I1/output/full/image_910.png,24.41164
228,../HiDream-I1/output/full/image_911.png,23.330896
228,../HiDream-I1/output/full/image_912.png,23.210936
229,../HiDream-I1/output/full/image_913.png,22.730417
229,../HiDream-I1/output/full/image_914.png,22.584297
229,../HiDream-I1/output/full/image_915.png,22.165997
229,../HiDream-I1/output/full/image_916.png,22.6778
230,../HiDream-I1/output/full/image_917.png,21.685486
230,../HiDream-I1/output/full/image_918.png,21.68969
230,../HiDream-I1/output/full/image_919.png,21.197824
230,../HiDream-I1/output/full/image_920.png,21.661812
231,../HiDream-I1/output/full/image_921.png,20.367619
231,../HiDream-I1/output/full/image_922.png,20.416893
231,../HiDream-I1/output/full/image_923.png,20.649578
231,../HiDream-I1/output/full/image_924.png,20.529043
232,../HiDream-I1/output/full/image_925.png,18.289318
232,../HiDream-I1/output/full/image_926.png,18.577148
232,../HiDream-I1/output/full/image_927.png,18.370365
232,../HiDream-I1/output/full/image_928.png,18.20868
233,../HiDream-I1/output/full/image_929.png,25.024323
233,../HiDream-I1/output/full/image_930.png,25.300634
233,../HiDream-I1/output/full/image_931.png,24.450277
233,../HiDream-I1/output/full/image_932.png,24.678919
234,../HiDream-I1/output/full/image_933.png,22.90349
234,../HiDream-I1/output/full/image_934.png,22.824045
234,../HiDream-I1/output/full/image_935.png,23.29569
234,../HiDream-I1/output/full/image_936.png,23.004652
235,../HiDream-I1/output/full/image_937.png,20.71501
235,../HiDream-I1/output/full/image_938.png,20.844212
235,../HiDream-I1/output/full/image_939.png,20.791851
235,../HiDream-I1/output/full/image_940.png,20.941555
236,../HiDream-I1/output/full/image_941.png,20.800903
236,../HiDream-I1/output/full/image_942.png,20.503305
236,../HiDream-I1/output/full/image_943.png,20.550106
236,../HiDream-I1/output/full/image_944.png,20.416443
237,../HiDream-I1/output/full/image_945.png,24.36203
237,../HiDream-I1/output/full/image_946.png,23.90623
237,../HiDream-I1/output/full/image_947.png,24.235075
237,../HiDream-I1/output/full/image_948.png,24.579678
238,../HiDream-I1/output/full/image_949.png,21.499361
238,../HiDream-I1/output/full/image_950.png,21.868128
238,../HiDream-I1/output/full/image_951.png,22.781807
238,../HiDream-I1/output/full/image_952.png,21.867641
239,../HiDream-I1/output/full/image_953.png,21.421385
239,../HiDream-I1/output/full/image_954.png,21.782707
239,../HiDream-I1/output/full/image_955.png,22.344456
239,../HiDream-I1/output/full/image_956.png,21.77754
240,../HiDream-I1/output/full/image_957.png,22.835295
240,../HiDream-I1/output/full/image_958.png,22.997149
240,../HiDream-I1/output/full/image_959.png,23.208448
240,../HiDream-I1/output/full/image_960.png,23.277714
241,../HiDream-I1/output/full/image_961.png,22.68484
241,../HiDream-I1/output/full/image_962.png,21.34557
241,../HiDream-I1/output/full/image_963.png,22.141148
241,../HiDream-I1/output/full/image_964.png,22.031897
242,../HiDream-I1/output/full/image_965.png,20.68927
242,../HiDream-I1/output/full/image_966.png,20.008265
242,../HiDream-I1/output/full/image_967.png,20.606567
242,../HiDream-I1/output/full/image_968.png,20.43135
243,../HiDream-I1/output/full/image_969.png,22.491518
243,../HiDream-I1/output/full/image_970.png,22.957235
243,../HiDream-I1/output/full/image_971.png,22.411722
243,../HiDream-I1/output/full/image_972.png,22.382711
244,../HiDream-I1/output/full/image_973.png,22.304718
244,../HiDream-I1/output/full/image_974.png,22.354946
244,../HiDream-I1/output/full/image_975.png,21.889372
244,../HiDream-I1/output/full/image_976.png,22.049755
245,../HiDream-I1/output/full/image_977.png,25.721067
245,../HiDream-I1/output/full/image_978.png,25.279228
245,../HiDream-I1/output/full/image_979.png,25.450956
245,../HiDream-I1/output/full/image_980.png,25.914165
246,../HiDream-I1/output/full/image_981.png,23.72024
246,../HiDream-I1/output/full/image_982.png,23.678596
246,../HiDream-I1/output/full/image_983.png,23.17137
246,../HiDream-I1/output/full/image_984.png,23.356955
247,../HiDream-I1/output/full/image_985.png,22.323055
247,../HiDream-I1/output/full/image_986.png,23.314445
247,../HiDream-I1/output/full/image_987.png,22.947815
247,../HiDream-I1/output/full/image_988.png,23.176847
248,../HiDream-I1/output/full/image_989.png,24.007364
248,../HiDream-I1/output/full/image_990.png,23.967636
248,../HiDream-I1/output/full/image_991.png,24.11453
248,../HiDream-I1/output/full/image_992.png,24.25625
249,../HiDream-I1/output/full/image_993.png,22.061487
249,../HiDream-I1/output/full/image_994.png,20.99132
249,../HiDream-I1/output/full/image_995.png,22.011791
249,../HiDream-I1/output/full/image_996.png,21.834995
250,../HiDream-I1/output/full/image_997.png,20.692772
250,../HiDream-I1/output/full/image_998.png,20.721611
250,../HiDream-I1/output/full/image_999.png,20.54894
250,../HiDream-I1/output/full/image_1000.png,20.499886
